fund,alpha_quarterly,alpha_annualized,alpha_quarterly_ci_low,alpha_quarterly_ci_high,alpha_annualized_ci_low,alpha_annualized_ci_high,t_alpha,p_alpha,r2,n_obs,beta_equity,beta_duration,beta_credit,beta_real_estate,beta_fx,p_alpha_holm
Kring Sligro (Achmea),0.006634739212970889,0.02680424561479655,-0.002656444922491689,0.015925923348433468,-0.010583514425348106,0.06524172541993734,1.3995901614526711,0.16163608185397815,0.9295855464306749,21,0.17458808153342661,0.6316171129187674,0.5305269874356316,-0.04504427564546989,-0.18811709029924992,1.0
Kring equensWorldline (Achmea),0.00486723171124541,0.019611528291178182,-0.002370130729074455,0.012104594151565276,-0.009446871023727765,0.049304619590789134,1.3181043421711853,0.18746872114485724,0.937940732811724,20,0.024469244273626248,0.6148019606791495,0.3377446323134797,8.742450101759114e-05,-0.03458313274450894,1.0
Kring AFM (De Nationale),0.004865908952660971,0.019606159632727493,-0.004981001657496252,0.014712819562818195,-0.019775638071484414,0.0601628668293388,0.9685277623449698,0.3327808607714887,0.8718220166323104,28,0.11877338627418778,0.8171206161573854,0.3380573923627813,0.014620885988948222,0.10883651143971049,1.0
Kring DB-A (De Nationale),0.004857382760600816,0.01957155502639174,-0.00264052772183065,0.012355293243032282,-0.01052035016193087,0.050344660205594804,1.2697264514174416,0.20418208718150888,0.8626096582785009,32,0.15464128131180888,0.5395020795355384,0.3882476667267119,0.016052994267477833,0.058695043993108376,1.0
BPF Foodservice,0.0034057697743639097,0.013692832856276649,-0.003407612095564785,0.010219151644292605,-0.013560935600577695,0.041507472632358766,0.9797170076213898,0.3272258284352564,0.9354713520401546,40,0.11725389929703794,0.6613644776551815,0.6136227286966717,0.026311015838924603,0.15458750108496738,1.0
Kappersbedrijf,0.0033902654688266667,0.013630181276599762,-0.003830355616166718,0.010610886553820052,-0.01523361729468442,0.04312388313038129,0.9202530002218162,0.35744056363134047,0.9192509275483831,39,0.15916314153343583,0.9103976236726241,0.2901508713262896,-2.1068828589541552e-05,0.13214884336104213,1.0
Detailhandel,0.0033516737631844027,0.01347424808804143,-0.0036544131085061546,0.01035776063487496,-0.014537719059546816,0.04207919813644789,0.9376360847469954,0.34843146054904894,0.9204385215349875,40,0.206114148964686,0.7043700446646417,0.39018457393918465,0.018335163170565577,0.042531249675129335,1.0
Nederlandsche Bank,0.0027446216362509886,0.011023766989673778,-0.002392519383116817,0.007881762655618794,-0.009535787386259487,0.031901746106191675,1.04715045546936,0.29503019167633104,0.9497912893295557,39,0.21244565581621566,0.6189878501039211,0.14483168679818928,0.06949484194320546,-0.03741880689756707,1.0
Apothekers,0.002696487371197131,0.010829654227629826,-0.004435601134271866,0.009828575876666128,-0.01762470587942211,0.03989771605822878,0.7410197066764987,0.45868149166546635,0.8952180095734081,40,0.15619176915904465,0.4777712002245447,0.22896013773307655,0.05615259052682919,-0.023162296827539564,1.0
IFF,0.0026750842065692126,0.010743349902978094,-0.002805036238085129,0.008155204651223553,-0.011173023803311755,0.03302203673016524,0.9567433331875005,0.3386968204032269,0.9207114812801714,39,0.10598848728432146,0.5020417010191944,0.4751991636308857,0.035224074864281064,0.09361303081983935,1.0
Groothandel,0.0025526102301736435,0.010249602406458225,-0.0033337205305808727,0.00843894099092816,-0.013268348043133815,0.034185467326887986,0.8499393460974227,0.39535880885105756,0.9251609449874786,40,0.16896944652718715,0.7071612312556119,0.5985100620756235,-0.008012601359193045,0.04994184343482225,1.0
ABN AMRO Bank,0.0023488658727230695,0.009428618383037435,-0.002493992560829078,0.007191724306275217,-0.009938712261790883,0.02907871314090804,0.9506147202563869,0.34179999332609956,0.9396751121888187,40,0.08518521036988863,0.6076160316376127,0.4121851857806312,0.027406367438373963,0.15576036969594342,1.0
Abbott Nederland,0.002140139616652661,0.008588078882110883,-0.004486419501110943,0.008766698734416264,-0.017825271049557334,0.035530625943316574,0.6329976834104223,0.5267351557833472,0.9195417655729626,40,0.18917983790925097,0.7572383615465391,0.46075517636443264,-0.004506751595272168,-0.054259441331438035,1.0
BPL,0.0020828443371437274,0.008357442954110672,-0.0034479426476966843,0.007613631321984139,-0.01372060455926749,0.030804098308694572,0.7381047032536727,0.46045082592886366,0.9341785506224217,40,0.285707709365814,0.3767534736753787,0.12394772818290661,0.08517993103267898,-0.06559438314694052,1.0
Flexsecurity,0.002072490452180904,0.008315768734401097,-0.00041716288108196043,0.0045621437854437685,-0.0016676076654682515,0.01837383432091655,1.6315551206698162,0.10277323910257244,0.9348781208880653,25,0.09506623610880974,0.2310242438464895,0.32209910348898857,-0.007360633865016966,0.050800062698476256,1.0
Architectenbureaus,0.0019514390250495932,0.007828634525522515,-0.0016531129946130048,0.005555991044712191,-0.006596073345939701,0.022409865383041128,1.061088919305199,0.28864949307170595,0.9559937182254457,40,0.26453452212510076,0.4188327410602341,0.5217758548504968,-0.015472152983545935,-0.11419828578216004,1.0
Zorgverzekeraars,0.0019482487644280795,0.007815798691270581,-0.0036060870549846904,0.0075025845838408494,-0.014346512440009729,0.030349763401610774,0.6874804720769305,0.4917800024010368,0.933012091425023,38,0.08918109562894695,0.5351780162404978,0.4580729607285663,0.04593050790479951,0.03723946185813075,1.0
Pensioenkring Randstad (Hnp),0.0018939156851227254,0.007597211426361827,-0.003687473222517856,0.007475304592763307,-0.0146685085136401,0.030238173451602846,0.6650686046110373,0.5060066141962403,0.9501159187352178,20,0.03833355812225671,0.7172164097947078,0.37421972632575745,-0.02123781915731096,0.018283645016548528,1.0
Samenwerking / Slagersbedrijf,0.0018179231584587764,0.00729154574423152,-0.0027277142608233516,0.0063635605777409045,-0.01086629561881558,0.025698244137239756,0.7838425260506593,0.4331325172776711,0.928985990464728,40,0.19882549939756394,0.44279333614395666,0.058703269069084046,0.05536918351960199,0.03837575032208952,1.0
Roeiers in het Rotterdamse havengebied,0.001816954436145685,0.007287649689436737,-6.138803405905907e-05,0.0036952969063504294,-0.00024552952621736956,0.014863320967580584,1.895908394174598,0.057972158774980354,0.9646930890030612,40,0.23272308062375271,0.19717569621984238,0.4515351277302936,-0.016529049783814323,-0.09873566395557953,1.0
Kring McCain (De Nationale),0.0017359283686045036,0.006961815091818924,-0.005106994585686369,0.008578851322895376,-0.02027202209046286,0.034759516348422004,0.49720815285122294,0.619042272762479,0.9142235769669071,31,0.23203359587512876,0.6123701573098181,0.3648922224274735,0.010917072626855422,-0.026720922670051845,1.0
Tandartsen en Tandarts-Specialisten,0.0016851831746750624,0.0067577909033766925,-0.0013831377429810747,0.0047535040923311995,-0.005521083132325355,0.019150021323762978,1.0764513942169542,0.2817254278002318,0.9475835660411257,40,0.09793518733290194,0.3932320116742405,0.4080260926632153,0.011291425246160336,-0.037079836911328976,1.0
Recreatie (SPR),0.0016214953614335252,0.006501773989138426,-0.0052630884229468025,0.008506079145813854,-0.02088673547830211,0.03446090388726608,0.4616215894879288,0.6443527095676719,0.9288453717753935,40,0.18767579075227164,0.8459303734282917,0.32751908500386384,-0.008423857154213128,0.02074267487465878,1.0
Bisdommen,0.0015202829570246344,0.006095013450135411,-0.0019725729848966158,0.005013138898945885,-0.00786697636083633,0.02020384954913612,0.8530840926807163,0.3936126721657206,0.958601821851583,40,0.226448666261056,0.4047042060899028,0.13487460421279104,0.03471663812394102,-0.011980312880662272,1.0
"Vlakglas, Verf, het Glasbewerkings- en het Glazeniersbedrijf",0.0014870771607834502,0.005961590192997912,-0.004175861299300412,0.007150015620867312,-0.01659910925920849,0.028908263550356805,0.5146829155767445,0.6067746137738418,0.9201818039530412,40,0.16680105317327376,0.6146781383184645,0.45393366048107286,-0.00789860405566558,0.018250495149938067,1.0
Avery Dennison,0.0014257455761182078,0.005715190404031567,-0.004043406806409969,0.006894897958646384,-0.01607579655160618,0.027866142925017767,0.5109402307450887,0.6093929094104457,0.9382771843455381,40,0.22827803753371423,0.5979368568986309,0.44102049791250486,0.02498048039630292,-0.04501117866812743,1.0
UWV,0.0013625508832329476,0.005461352924382323,-0.0035370801610913718,0.006262181927557267,-0.014073431880180953,0.025285001066917667,0.5450513791917773,0.5857181811475365,0.9368181936954493,40,0.1539058565993608,0.35487109349947454,0.46457547653896303,0.03041408525540714,0.08064623739864167,1.0
Mercer,0.001268570319741486,0.0050839450713844325,-0.008280201130224318,0.010817341769707289,-0.03271170025532655,0.043976533229012515,0.2603845061721189,0.7945671931569697,0.9031609219446377,40,0.12869952573459043,0.8048823510488738,0.12187825207387545,0.043494457250822904,0.28085926504899184,1.0
Delta Lloyd,0.0011122386436300193,0.004456382528542191,-0.003102774930708889,0.005327252217968927,-0.012353455840820038,0.02147989211593515,0.5171863969786683,0.6050260469495099,0.9493056839735057,32,0.14481904403516058,0.5511871894814715,0.4898074391245292,0.01973938100328415,0.14326944938338784,1.0
Bibliotheken openbare,0.0010973002868919397,0.004396430841431487,-0.0031973178300624457,0.005391918403846325,-0.012728064910595971,0.021742738197372047,0.5007823708569601,0.6165242939416211,0.9519754460701966,40,0.2761544734853269,0.385921594812183,0.3711124470653071,0.038541490366069915,-0.042549828547548685,1.0
Particuliere Beveiliging,0.0010566008807095617,0.004233106674991216,-0.004195209246855297,0.006308411008274419,-0.01667553333296934,0.025473426112865294,0.39432112394060803,0.6933439694555042,0.9041371222935369,40,0.32202101493023105,0.4935376799173912,0.637424613245694,-0.0673545671230571,-0.07389564101853932,1.0
Rail & Openbaar Vervoer,0.0010204374965782585,0.00408800199380055,-0.0037631195606837673,0.005803994553840284,-0.014967724788411574,0.023418879528449343,0.4181032478187596,0.6758716304733348,0.9355482129039859,40,0.2697632099234551,0.2851215675741237,0.41341384711839,-0.0004944630665293347,-0.10797929664897778,1.0
Honeywell,0.0009693176665097752,0.0038829117703467197,-0.004536452777579091,0.006475088110598642,-0.018022707693959417,0.026153000714505437,0.34506119265783575,0.730048367446771,0.9034874158042993,40,0.3204395083617184,0.4739947533445106,0.17507177911420535,0.006924844005100149,-0.05678245093461293,1.0
Kring RBS (Achmea),0.0009391377713874568,0.0037618462780515394,-0.0032263923592563207,0.005104667902031235,-0.012843246024644706,0.02057555015574497,0.4418828218045207,0.6585740019257198,0.9281342118221177,32,0.2206569147739097,0.5207175977094862,0.054465682895043166,0.0823382771717843,-0.025875992214104818,1.0
PostNL,0.0008794577637973794,0.0035224744523898455,-0.0035285615670510185,0.005287477094645778,-0.014039717365693871,0.021318244941104014,0.3910385625816303,0.6957687318980257,0.9471477746170417,40,0.2111837912470265,0.2267380436689455,0.4511756907619,0.0690443328790454,-0.022225647611870514,1.0
"Mode-, Interieur-, Tapijt- en Textielindustrie",0.0008789311899104111,0.0035203625964259633,-0.002788816986628174,0.004546679366448996,-0.011108689645012104,0.018311127613864553,0.4696815032538855,0.6385825848009323,0.9547863515916952,40,0.1661600162550972,0.25369529264511365,0.505686884761509,0.07191199706136822,0.06435925987372249,1.0
IKEA,0.000861547080608675,0.0034506444611972498,-0.006298356333183138,0.008021450494400489,-0.024956407409439718,0.032473932644105474,0.2358413446927161,0.8135557844920978,0.9077950554990002,40,0.3063774730841288,0.6918074529685021,0.3896998817840916,-0.004058275264522099,-0.009892006415818527,1.0
Kring Forward (Unilever),0.000833292249827155,0.0033373375701046815,-0.004407119999779174,0.006073704499433483,-0.0175122857745168,0.02451705490975087,0.31165922077605024,0.7552995224424174,0.9181028190830314,29,0.24594400882482476,0.35717004953126846,0.4511569110134831,0.04090895688235477,0.08992943684867842,1.0
Medische Specialisten,0.0006863382498528258,0.002748180654018606,-0.004557511959623229,0.005930188459328881,-0.01810580057026845,0.023932592075977865,0.2565287331230231,0.7975425967032629,0.9434403393315947,40,0.23149290372413878,0.5848138193253545,0.5023508442325718,0.02711589514878599,-0.007874904297357321,1.0
Kring ES Nederland (Achmea),0.0006353270029859945,0.0025437308802858105,-0.004928471140455616,0.006199125146427606,-0.01956862385199365,0.025028029886500658,0.22380719288425932,0.8229073328214049,0.9790487524068836,13,0.23196781251142884,0.4246913114584414,0.9530729133630742,-0.058036302614825085,-0.26100257301097196,1.0
AHOLD,0.0006144873054184331,0.002460215717815517,-0.004469055307936509,0.005698029918773375,-0.017756743132804953,0.02298766600313673,0.23691607982456817,0.812721895179085,0.9508242444522517,40,0.19678726522300283,0.5344611437323297,0.4715837590886497,0.030095337601837656,0.02066284568509022,1.0
Beroepsvervoer over de Weg,0.0005914535660559135,0.0023679139958732165,-0.005045153643301382,0.006228060775413209,-0.020028406142406308,0.025145943366899015,0.2056605409851774,0.8370560833418421,0.9372502067243925,40,0.22755000519446011,0.6379861066508465,0.5199018588723238,-0.00041830643076586765,-0.014554689763962403,1.0
ING Bank CDC fonds,0.0005742945094135256,0.0022991576805062586,-0.003228192455488554,0.004376781474315606,-0.012850376921073603,0.017622398930953187,0.2960158878542258,0.7672179481023935,0.9608949991588047,40,0.21856798701057853,0.7025475282567197,0.16202919529288645,0.027724813912608073,-0.016877440302570768,1.0
Achmea,0.0005236365023507691,0.002096191754912713,-0.003810176742032344,0.004857449746733883,-0.015153823332692551,0.01957182689447534,0.2368142390372242,0.8128009045749565,0.9507367325603648,40,0.24805075781927166,0.5273212346164557,0.18174401415069308,0.00018723922024873468,-0.09625082094698612,1.0
Hoogovens,0.0004478849246038558,0.001792743663274532,-0.002684145350876275,0.003579915200083986,-0.010693430887174116,0.014396739239425305,0.28027772538291473,0.7792644387668402,0.9571658507471752,40,0.31527510915931417,0.11316988956748684,0.4525447537218304,0.03685699347558162,-0.11973359929985984,1.0
Pensioenkring Sweco (Hnp),0.0004113405042266106,0.0016463775013941806,-0.003673458538043276,0.004496139546496497,-0.014613066467263902,0.018106213782286495,0.1973689685401751,0.8435388114868422,0.9546104634807037,18,0.10896419081219703,0.4350610097863625,0.22752514886333466,0.03620617841680702,-0.07746844924950577,1.0
Ecolab,0.0003663381539110301,0.001466158034175491,-0.004700318806966527,0.005432995114788586,-0.01866913213495791,0.021909727418278235,0.14171269011749896,0.8873069508449549,0.9297917795755782,40,0.30272654296110024,0.4438990163299303,0.2648503793483251,-0.004700409456698834,-0.05449785692326331,1.0
Koopvaardij,0.0003224624262335857,0.001290473731164754,-0.003089255587368546,0.0037341804398357175,-0.012299879187134932,0.01502059485431917,0.1852482354243407,0.8530343373546337,0.9509928650197328,40,0.0837000337145194,0.462625480567771,0.4064013476351445,0.02573499124249743,0.1105736933779785,1.0
Pensioenkring Ballast Nedam (Stap),0.00026728637033222044,0.0010695742097381888,-0.0029468916899790037,0.0034814644306434446,-0.011735564025947332,0.01399875022664876,0.1629877528810154,0.8705280775128792,0.9818335247767802,24,0.2485244212369103,0.3347341098818172,0.42127986155326075,0.003668830752259198,-0.17205184302595514,1.0
Media PNO,0.00023672589093859506,0.0009472398517058611,-0.0029826693466775776,0.003456121128554768,-0.011877405548057496,0.013896318426761534,0.1441184403289844,0.8854069434563571,0.9569567225231694,40,0.3397627245449712,0.24502586248397668,0.21208622965636992,0.012363400237816489,-0.14302341869082819,1.0
Dierenartsen,0.00023436461232150462,0.0009377880614096501,-0.003990371612719054,0.004459100837362064,-0.01586620195948274,0.017956059878029285,0.10872778202772443,0.9134184056107348,0.9547394278656948,40,0.20954616040596635,0.47580084832045355,0.3770298756917402,0.007039629617975343,0.043490123961811886,1.0
Mediahuis Nederland,0.00016151741475510907,0.0006462262031272648,-0.003101511863854494,0.003424546693364712,-0.012348450446269199,0.013768712677083794,0.09701669484587765,0.922713136420815,0.9656579734179327,40,0.24156833641233058,0.3919647378732295,0.39395310170811354,0.02641566901091444,0.018010534333185557,1.0
Gasunie,0.000160530802553003,0.0006422778475914104,-0.004186905279942045,0.004507966885048051,-0.01664273334626465,0.018154164985169086,0.0723724479078767,0.9423055106667054,0.9597646659647169,40,0.45739295905953054,0.2928472965502174,-0.12121456514156448,0.11253441961815275,-0.19345029895501265,1.0
Rijn- en Binnenvaart,0.0001369193536893791,0.0005477899064814107,-0.006177710600525064,0.006451549307903822,-0.024482799363282792,0.02605700801302757,0.04249766082311449,0.9661019764602016,0.9362345539415593,40,0.29484354596306306,0.4921256142174647,0.26235263081050286,0.06456724373386537,-0.056988249073971486,1.0
MSD,0.00012917240009259782,0.0005167897220459405,-0.006172347129769608,0.006430691929954803,-0.024461740466180437,0.025971955956302084,0.04017654008344019,0.9679523808268975,0.9411521020853588,40,0.33510800408207503,0.5572853540211018,0.3172903534959041,0.04200985867268347,0.016270556857652385,1.0
Bouwnijverheid,0.00011586824109672753,0.00046355352330484934,-0.0053064607406971736,0.005538197222890629,-0.021057488704773086,0.022337499065300248,0.041881925693571194,0.9665928249614799,0.9074815253103018,40,0.21465933848158011,0.3985311527884492,0.12806499219403042,0.08435539628665856,0.026658493406743727,1.0
Heineken,0.0001065452223358613,0.0004262490054880441,-0.0046058689268724615,0.004818959371544184,-0.018296581922165545,0.01941561987262186,0.04431376188321284,0.9646543020544631,0.8998288659071403,40,0.3319416890827388,0.15340768274225575,-0.08592833802866201,0.09390201995217086,0.06614887481719142,1.0
Robeco,6.268497092530361e-05,0.00025076346111996273,-0.005772529034643509,0.005897898976494117,-0.022890951890439215,0.023801129028682144,0.021054975064887814,0.9832018016172227,0.9254054668929413,40,0.2757988928731825,0.3889680616257494,0.429586586457668,0.051281779285976214,-0.06663311717576992,1.0
Thales,5.945879288061975e-05,0.00023785638445161794,-0.004845927640393289,0.004964845226154528,-0.019243267109905537,0.02000776916848901,0.023756964756080013,0.9810464675010482,0.9548671266220523,40,0.3010575077668371,0.4607792672243398,0.43864855176066464,0.07621705115347503,-0.07396274117520144,1.0
Kring Bavaria (Achmea),5.443613441695949e-05,0.00021776231806969193,-0.0038842251050165764,0.003993097373850495,-0.015446611372840646,0.01606831338644299,0.027088611187634563,0.9783890583845403,0.9429757969068786,31,0.13958235021034485,0.4306317111631857,0.491620102120533,0.02882842060274189,0.06950286544995025,1.0
Cap Gemini Nederland,3.3692067686106816e-05,0.00013477508182946352,-0.005659448366890951,0.0057268325022631645,-0.02244634138072088,0.023104862030504547,0.011599088409692612,0.9907454739545357,0.9400202819420964,40,0.21848052794181227,0.6189135256055902,0.4374265175270406,0.005366850014965438,-0.029546454083581808,1.0
Trespa,2.176737076923542e-05,8.707232602866988e-05,-0.0062740238275396975,0.006317558569078168,-0.024860901377762867,0.025510713721011546,0.006776473584017657,0.994593197731251,0.9053591996874819,40,0.10249481951347283,0.7229514362450924,0.41295836873694536,-0.012608103973985485,0.1321843127516022,1.0
Metro,5.188378235512943e-06,2.075367445808496e-05,-0.0037097493547538747,0.0037201261112249006,-0.014756628005813566,0.01496374660246258,0.0027373364537105938,0.9978159242334124,0.9687802358339004,36,0.3393729026182403,0.5112915537247178,0.05023324288763181,0.046241920254704014,-0.08381626324571984,1.0
Fysiotherapeuten,-9.92250494511902e-05,-0.0003968411280496076,-0.004589436857030504,0.004390986758128124,-0.01823175606844818,0.017679970638851294,-0.043311436436086974,0.965453274820474,0.9418180623390925,40,0.19721293231763914,0.3861049733065165,0.3438389693454367,0.042702715876813256,0.01264668695811455,1.0
ING,-0.00011696581998128477,-0.0004677812003076598,-0.0062961483291843565,0.006062216689221788,-0.024947741197239193,0.02447026209188552,-0.037100181819209564,0.9704051270588855,0.9181758468573802,39,0.1507461623999759,0.6022465865857028,-0.0677396431039613,0.0632923548714269,0.057377507856553274,1.0
NN CDC fonds,-0.000192843802715008,-0.0007711521071516181,-0.004362278939742524,0.003976591334312508,-0.01733527057911688,0.01600149679093832,-0.09065182585682921,0.9277692503436772,0.9618865848740219,40,0.24532644326485878,0.7692651581760271,0.06334532613977473,0.013864916733734182,-0.04502585086613872,1.0
Horecabedrijf,-0.0002292166455954668,-0.0009165513889279886,-0.006658056891974703,0.0061996236007837695,-0.0263674278725472,0.02503006101554317,-0.06988140205804937,0.9442880559438688,0.9479528329715203,40,0.3214404862215656,0.6740534039696686,0.19499986477036507,0.0867755574709867,0.015396183520624829,1.0
DHL Nederland,-0.00026020868859095644,-0.0010404285734630925,-0.005894181152938953,0.00537376377575704,-0.02336909426375855,0.02166894067958669,-0.09052221347015296,0.9278722426199888,0.9276392066748538,40,0.2895861880846654,0.31647503197349325,0.20930173015553943,0.04624768495262972,-0.017819468241952047,1.0
Bouwmaterialen,-0.0002703135526360917,-0.0010808158730450934,-0.006395485406337009,0.005854858301064826,-0.0253375729094113,0.023625913377003815,-0.0864963204876768,0.9310718809367751,0.9423111372368601,40,0.20204718468769273,0.5958159230438915,0.3137576400429708,0.038485564098436016,0.07096522617176035,1.0
Zoetwarenindustrie,-0.0002756050516006031,-0.0011019645412677637,-0.005537923213470839,0.004986713110269633,-0.02196835971347466,0.020096552929842693,-0.10264981296807524,0.9182409065872403,0.9458327068867474,40,0.26934439983502695,0.4765267466677923,0.4286067790899211,0.03190638379800126,-0.030650112017711617,1.0
Forbo,-0.0003355370469244972,-0.0013414728281319066,-0.004889182313404324,0.0042181082195553304,-0.019413771546132774,0.016979488018201705,-0.14442067595645772,0.8851682909065941,0.9478843668167883,40,0.2122096952825505,0.4345535940912168,0.6595088598182333,0.02559586779373481,-0.031644480742776426,1.0
Kring 2 - DB premie (Achmea),-0.00041582727686866484,-0.0016622719211061288,-0.0066680882926797025,0.005836433738942373,-0.02640675672839843,0.02355091511701013,-0.1303538806826712,0.8962864530592309,0.9108814350537106,31,0.24934910239351166,0.4565623966244144,0.5416331693984844,0.050549817409581976,0.05771889815182613,1.0
Vopak,-0.0004434686007418633,-0.0017726947653875502,-0.003929049135019319,0.0030421119335355923,-0.015623814356769294,0.012224087102114423,-0.24936519962193393,0.8030783016907634,0.954342736017462,40,0.23409148038861555,0.29773210684990414,0.4198820446933117,0.027487398853921922,-0.026655808573769646,1.0
Notariaat,-0.0005036742173653258,-0.002013175254197308,-0.004279832251337523,0.003272483816606871,-0.01700974045937631,0.013154330465177999,-0.2614253209469108,0.7937645324915956,0.9619579791504723,40,0.2156531654299604,0.5425770846096808,0.47724692234349536,0.0058142890780397485,-0.03485279910716546,1.0
Huntsman Rozenburg,-0.0005739009828986724,-0.002293628513542645,-0.0036396002598829934,0.002491798294085649,-0.014479113574372815,0.010004509454213828,-0.3669065865716639,0.7136886982176797,0.9668292752533362,40,0.27413375834593345,0.3244460134223309,0.3982227208440402,0.03643977229754195,-0.010000530698692167,1.0
KLM Algemeen,-0.0005741587924471556,-0.0022946579768711173,-0.0049602580839926405,0.0038119404990983293,-0.019693894940986056,0.015335169113310343,-0.2565675056131508,0.7975126622183808,0.942147074859667,40,0.30680459349648626,0.15628124854405584,0.364124430622579,0.07547479676486667,-0.0734004347561383,1.0
Dow,-0.0005901960317295021,-0.00235869496099661,-0.004145923367159857,0.0029655313037008526,-0.01648084614160039,0.011914995867612355,-0.32532386678864356,0.7449359693658202,0.9436736325288546,40,0.09748816613850789,0.4319356384084203,0.4793516505646357,0.026432643711358617,-0.011195866237909996,1.0
Rockwool,-0.0006345798752330823,-0.00253590437322182,-0.005166934861949718,0.0038977751114835537,-0.02050810721095342,0.015682493451813828,-0.27441665633339374,0.7837644442379988,0.936595316134798,40,0.2225183948434546,0.5753060454203229,0.25827755730489566,0.002917450904540028,-0.05324954651539543,1.0
IBM Nederland,-0.000665588602986841,-0.002659697542065298,-0.0069938533124395755,0.0056626761064658936,-0.027683295341165537,0.02284382717344502,-0.20614335055009922,0.8366789370580711,0.8539671027363538,40,0.13285019556909555,0.4759015989134547,-0.10523810504509692,0.043010833164141955,-0.021948042340651577,1.0
Essity,-0.0007220707918843886,-0.0028851563558056625,-0.004671612318332993,0.0032274707345642155,-0.018555912839482325,0.012972516927481914,-0.3583283621413861,0.7200975954488458,0.9495409318384308,40,0.2618057929432368,0.3424820898959418,0.5002020499404463,0.019652081756129723,0.04057161089394121,1.0
Wolters Kluwer Nederland,-0.0007237263261297228,-0.0028917641417666173,-0.004734863154674771,0.003287410502415325,-0.01880536314377501,0.013214626642395588,-0.35363479096081296,0.7236125976195213,0.9626498372861816,40,0.2523010185082403,0.44171680700591376,0.11294767074281259,0.062163964426438026,-0.14391214576179756,1.0
Schoonmaak- en Glazenwassersbedrijf,-0.0007354538463444932,-0.0029385716221305147,-0.0044086271378592085,0.0029377194451702215,-0.01751823495842386,0.011802760440765558,-0.3924299064399007,0.6947405924492138,0.9657514057964709,40,0.23894836821494386,0.5082840200654536,0.10349028131648158,0.042654684960552525,-0.05751716843710915,1.0
"Metalektro, bedrijfstakpensioenfonds",-0.0007618867595516345,-0.0030440659782775548,-0.004259784943784565,0.0027360114246812958,-0.016930574027538836,0.010989042230340917,-0.4269051099743767,0.6694484434689258,0.9583087452635611,40,0.2625013101974616,0.360235210712512,0.5334367754958453,0.004263277282231779,-0.08715374352520512,1.0
Waterbouw BPF,-0.0007729718440152693,-0.003088304310231993,-0.003941716752490689,0.002395773064460151,-0.01567388895469657,0.009617585666591877,-0.4781063225636397,0.6325745322402891,0.9561069006532049,39,0.4079741485792764,0.1669971166174744,0.2109146209176087,0.025947907026895832,-0.24214477506007542,1.0
TNO,-0.0007738151961972904,-0.0030916698980942847,-0.0043455493454035155,0.0027979189530089347,-0.017269222472259815,0.01123873358848515,-0.4246256445411935,0.671109595486586,0.9534700172973465,40,0.26552186705301883,0.3834701221295478,0.07671060907846144,0.0773887542233266,-0.0702852531791526,1.0
Kring 4 - Koopkracht (Achmea),-0.0007783786393220429,-0.0031098812034796586,-0.006030019406949788,0.004473262128305702,-0.02390278653475386,0.018013467399263128,-0.2904985635747575,0.7714348495264165,0.9217017783861131,31,0.26866673406565833,0.3667128324075011,0.491219330585835,0.05196352673742384,0.017494537805361955,1.0
Zuivel en aanverwante industrie,-0.0007852366474418214,-0.003137248946529003,-0.008254733678411537,0.006684260383527894,-0.032612336232842654,0.02700631414488952,-0.20604272843885757,0.8367575348419141,0.9136108103130736,40,0.19007737365684568,0.7051756171589876,0.8272899986835965,-0.08576864558863957,0.00045521253101170334,1.0
PDN,-0.0008089550079296716,-0.003231895699608467,-0.005239613290472081,0.0036217032746127375,-0.020794306507476823,0.014565703697838162,-0.35785262133681456,0.7204536085092501,0.9403876588455266,40,0.25360728327084914,0.24761459029441807,0.02668925471689884,0.08652214260189281,-0.061997665683411016,1.0
Vlees- en Vleeswarenindustrie en de Gemaksvoedingindustrie,-0.0008521693798587493,-0.003404322838352458,-0.004952430579371154,0.0032480918196536555,-0.019663048168585218,0.013055805063512338,-0.40734509631961996,0.6837545455694629,0.959680986275023,40,0.25649304426685926,0.40634522273858253,0.5380679312547383,0.022972716864521875,-0.0216518166478053,1.0
SNS Reaal Groep,-0.0008568209853479802,-0.003422881603761252,-0.005296734447625193,0.003583092476929233,-0.021019199036469427,0.014409585389607127,-0.378236712663052,0.7052547549564085,0.9353232942678108,39,0.15076970924973143,0.5882064168208199,0.5066525189872089,-0.012556257849695551,0.055350952251386705,1.0
British American Tobacco,-0.0008801935525906345,-0.0035161284933091785,-0.005734635005243794,0.003974247900062526,-0.022741977065337204,0.015992010815308877,-0.35537510943903516,0.7223085932855464,0.8941303307230578,40,0.21676060271216369,0.3179495788549135,-0.0766784918302414,0.05405275561551397,-0.06836239590442499,1.0
Metaal en Techniek,-0.001027910237737686,-0.004105305697451045,-0.004751558069620766,0.0026957375941453936,-0.01887119705370044,0.010826630796163084,-0.5410466124254922,0.5884754548799263,0.9537552180365273,40,0.2156429026795678,0.4523887671122517,0.5276164960799645,0.03952921473727513,-0.03549860686855991,1.0
Campina,-0.00104238808266747,-0.004163037422522442,-0.0049428152453782044,0.0028580390800432643,-0.019625154889350127,0.011481260093475276,-0.5237998338936086,0.600417768943825,0.9655643274836688,40,0.25045840423602495,0.26303430965876484,0.6218820399769471,0.0644725100219772,-0.05865852860978951,1.0
Pensioenkring OWASE (Hnp),-0.0010891351591617252,-0.004349428510665998,-0.005192165193949858,0.003013894875626408,-0.020607468466217305,0.012110190466552595,-0.5202656739419915,0.602878417126995,0.9789675555039695,20,0.30517163546702186,0.28355894120152936,0.48072507386760466,0.02651826655898272,-0.26063650514244974,1.0
Calpam,-0.0011281174921179335,-0.004504839815186679,-0.00456590092776237,0.0023096659435265024,-0.018138899318328794,0.009270720427363655,-0.6431672315235057,0.5201155934355753,0.9252661120002745,40,0.17450699792480187,0.09352478406981493,0.7654554288691993,0.020303807323915304,0.1483764246640217,1.0
Cargill,-0.0011389003411078136,-0.004547824707870296,-0.006032307734822039,0.0037545070526064112,-0.02391177522773147,0.0151028180473598,-0.4561655041064128,0.6482709692399335,0.9546227804093249,39,0.17413715322967932,0.5654367758878436,0.2964847636897666,0.030826320490403066,0.024181798638562797,1.0
Atos Origin,-0.0011635213865058614,-0.004645969152706986,-0.004867741266246086,0.002540698493234363,-0.01932925643599337,0.01020159050995506,-0.6156384034506948,0.5381331991602015,0.9257672139344852,40,0.19493072918301887,0.16639545573736242,0.49780685165986605,0.06687910432149087,-0.016845471183455252,1.0
Verloskundigen,-0.0011670067437568729,-0.004659861902141071,-0.008169461739526566,0.00583544825201282,-0.032279582796124084,0.023546903750819137,-0.32664132634349347,0.743939182633546,0.9158257916015268,40,0.19775009406843455,0.5838413536452277,0.4526093250246076,0.017617357223877042,0.04684496728842358,1.0
Kring Arcadis (Hnp),-0.0011836228477097414,-0.0047260922434502195,-0.006054503223294204,0.0036872575278747207,-0.0239989572536784,0.014830806030675658,-0.4762708122371961,0.6338814566844979,0.9655660268591493,26,0.2946218744005376,0.3746040397258609,0.37575929721155343,0.048664348134428395,-0.12704012241628382,1.0
Witteveen & Bos,-0.0011922609946016308,-0.004760521837841147,-0.0068831067870044815,0.00449858479780122,-0.02724946635735448,0.01811612734806367,-0.41062237404335566,0.6813494550463965,0.9246275060756708,40,0.2598364891691047,0.5613288450029407,0.056011650746538466,0.040373327854921065,-0.05254244378168607,1.0
Kring ANWB (De nationale),-0.0012089039847724432,-0.004826854310893025,-0.007080161466990707,0.004662353497445821,-0.028021290913461172,0.01878024509550036,-0.4035606133944823,0.6865358538065994,0.9595513280937109,20,0.2278063453243056,0.4500749423618483,0.654687927083271,-0.005382352706516658,-0.22352832704804945,1.0
Kring Douwe Egberts (Stap),-0.0012285377354685476,-0.004905102526743588,-0.006372911921964593,0.003915836451027499,-0.025248997318111366,0.01575558886812356,-0.46806270848015813,0.6397397462063528,0.9699926913463055,27,0.33307315579332847,0.21354811368250104,0.5080688094260101,0.04682406359111292,-0.18327228088527778,1.0
Kring HP Nederland (Achmea),-0.001255434980993813,-0.005012291134391611,-0.007512215326779145,0.005001345364791519,-0.02971195360647705,0.020155963221304418,-0.39327053399550865,0.6941196790132668,0.9753779745569202,13,0.2587263828809467,0.39833289403265687,1.037823871189492,-0.07010284734685392,-0.24908748062077227,1.0
AVEBE,-0.0012564088080593487,-0.005016171784469892,-0.0041051880242632946,0.0015923704081445972,-0.01631991313260983,0.006384711650843311,-0.8644109728294675,0.3873621671910209,0.9639116607479653,40,0.7242974255371621,-0.0066345943533086815,0.4386823266412908,-0.03781268336393753,-0.45842317353351747,1.0
Kring Chemours (Achmea),-0.0013059841264561351,-0.0052137118456015985,-0.005751923475847648,0.0031399552229353775,-0.02280994626766053,0.012619100733038291,-0.5757347662840601,0.5647944722746718,0.9678730260427973,20,0.26139336829527626,0.4318717781712339,0.7271483487526078,0.0024998972023360377,-0.13343545923909228,1.0
Kas Bank,-0.001322470031601746,-0.005279395813055587,-0.00468298087149265,0.002038040808289158,-0.018600751942861593,0.008177118773336156,-0.7713094098089909,0.44052355617891303,0.9476089458788345,40,0.2336493746159264,0.5431530805139656,0.3899792165636833,-0.04234829194743428,-0.10546655949919859,1.0
Molenaarspensioenfonds,-0.0013948072820820084,-0.005567567054737821,-0.008233397012566344,0.005443782448402327,-0.032529083026022976,0.021953584576807517,-0.39975669633588623,0.6893357284470523,0.9250128692191233,40,0.37286799218996713,0.6498577046496938,0.5449654376902036,-0.016354620178926076,-0.12520229984303424,1.0
Kring CK1 (Hnp),-0.0014481969762896684,-0.005780216402933358,-0.006582437783673487,0.00368604383109415,-0.026070919162564987,0.0148258973516473,-0.5528400444259424,0.5803729452066948,0.9502201877640195,32,0.2170887739885012,0.691759445054837,0.40447224582919244,0.04739819081513094,0.017307905581929572,1.0
Betonproduktenindustrie,-0.0014714196761031239,-0.005872700987486379,-0.006623237039830315,0.0036803976876240672,-0.02623090479494994,0.01480306230556927,-0.5597887828110573,0.5756235156832545,0.9545793164487733,40,0.23514376751108831,0.6842067902714304,0.36943531590411044,0.021213732790876058,-0.09240317719020172,1.0
Kring 3 - Stabiliteit (Achmea),-0.0014831885509899085,-0.005919568160612787,-0.010880304773306173,0.007913927671326357,-0.04281607097422413,0.032033478720087105,-0.30934981258599714,0.7570554429339991,0.8769762539092552,31,0.08356803367375469,0.9981597758681713,0.4430823920385625,0.0613730205174627,0.18580959029749922,1.0
Cosun,-0.001501348409798541,-0.0059918828882675745,-0.006087362482060717,0.0030846656624636346,-0.024128014955947186,0.012395871118265234,-0.6416440868006562,0.5211043008503093,0.9422116218581498,40,0.14963620400363103,0.3379456841407592,0.5564211452761776,0.04970943806976111,-0.024053041256298452,1.0
KLM Vliegend Personeel,-0.0015216355140294227,-0.006072663895556385,-0.006689573542357539,0.0036463025142986936,-0.02649098724597243,0.014665177284102215,-0.5770871842400137,0.5638805613244073,0.8940460633793037,40,0.3684906919761241,0.13963122919402549,0.11604203659949108,0.04913990226059614,-0.15837006527648545,1.0
Pensura,-0.0015498957695234627,-0.006185184903440333,-0.004790823312579026,0.0016910317735321003,-0.01902602063112535,0.0067813039756801086,-0.937305708844383,0.34860132723186144,0.9719257252539844,40,0.4236807417679247,0.22163373796897134,0.5310595250811536,0.020689125332734322,0.048985902641610124,1.0
Werk en (re)Integratie,-0.0016189407293988808,-0.006460054068988419,-0.006049266423679647,0.0028113849648818854,-0.023978388068367607,0.011293052117981928,-0.7162149561200462,0.4738586294510002,0.9496068079301516,40,0.3423134528901503,0.18518527534321916,0.32056918645545235,0.05754944608735191,-0.18354067402424618,1.0
ABP,-0.0016234484223470876,-0.006477997288705684,-0.0060173859376798965,0.0027704890929857217,-0.023853160371004267,0.011128095150517492,-0.72415696114369,0.46896937787373205,0.9273442032640679,40,0.34921374045741765,0.17816064229195533,0.1221598626268397,0.10305861212373478,-0.12827879665102715,1.0
Kring Holland Casino (Stap),-0.001647317602002971,-0.006573006349965271,-0.007879470500753409,0.0045848352967474675,-0.03114731863706932,0.01846585142310908,-0.5180686712086394,0.6044103576714103,0.9477424246551115,30,0.3593079803767403,0.3379013335037162,0.7095351996336151,0.02874544783758992,-0.14873076370095561,1.0
Brocacef,-0.001656424816981362,-0.006609254980568635,-0.005393025214074872,0.002080175580112147,-0.02139821910315476,0.008346701126601408,-0.8688467160971013,0.3849309771670011,0.95294385737178,40,0.2778153357685519,0.3741705820035493,0.33867947761568384,0.05757936450455788,-0.1685939018981083,1.0
Zorg en Welzijn,-0.0017000343493516453,-0.006782816341511122,-0.006137376765800719,0.0027373080670974282,-0.024324425998922372,0.010994271498272257,-0.7509012793014528,0.4527120703783112,0.9427760074050799,40,0.27717426142431756,0.2847277439296832,0.39342702111264355,0.07692038814632587,-0.054481203186578425,1.0
SABIC,-0.001753334288072753,-0.0069949136163548475,-0.006893550708565543,0.0033868821324200375,-0.02729038468261713,0.013616509888038308,-0.6685461810093044,0.5037850135856892,0.9412350773452074,40,0.29785465537668515,0.3763085306744721,0.026856433330214036,0.0857644134839713,-0.09010742816922666,1.0
Gazelle psf,-0.0017977425195371674,-0.007171602039043323,-0.006739529796982445,0.00314404475790811,-0.026686814025323802,0.012635613549733415,-0.7130032909046357,0.47584372073239734,0.9398921952047073,40,0.3442141955287197,0.44860694257269745,0.5250809695563909,0.009437180988778104,-0.09037966045845314,1.0
Grolsche bierbrouwerij,-0.0018754106198390897,-0.007480565861542221,-0.006466079987406425,0.0027152587477282455,-0.025614538451254276,0.01090535090006406,-0.800697453203079,0.4233068173100918,0.9287328650602735,39,0.165376937233851,0.5235196107470766,0.3276893891910477,0.09279475185038091,0.07618539144035098,1.0
Kring Progress (Unilever),-0.0018928937490292352,-0.007550103832115185,-0.006550304851223889,0.002764517353165419,-0.025944902804518333,0.011104009320162866,-0.7965806524809635,0.42569461759963423,0.9372971366591278,29,0.3420935666570992,0.07466617580414912,0.19265376158760408,0.06347718972979725,-0.14047223903470357,1.0
Kring SVG (Stap),-0.0019044151896083431,-0.007595927589704177,-0.005797386345613076,0.0019885559663963895,-0.022988665515594864,0.007977981464034833,-0.9588011402257698,0.33765893469052954,0.9595941759718445,33,0.3069403974200134,0.22185454716408406,0.6025280188098385,0.043015212196692604,-0.09595476347273998,1.0
TDV,-0.0019223405432928391,-0.007667218215745675,-0.006470654381465564,0.0026259732948798855,-0.02563248325291312,0.010545340073615073,-0.8283769249284694,0.40745707038361745,0.9477394218455603,40,0.3171725156407984,0.17979082769201188,0.23503202012372343,0.10046907156515027,-0.14233522540639673,1.0
Loodsen,-0.0019582876591120587,-0.007810171317682468,-0.005345746742183492,0.0014291714239593745,-0.021212135164493717,0.005728952562271239,-1.133053769537723,0.25719167385078034,0.9594295893986613,40,0.2920742559994497,0.2515316322274908,0.40714989630855775,0.030255188279547193,-0.11137240203981526,1.0
Bakkersbedrijf BPF,-0.0020361390050671617,-0.00811971459699845,-0.0064902932446054985,0.0024180152344711746,-0.025709521351613196,0.009707198308698262,-0.89596338672423,0.37027231817078854,0.9518407319727222,40,0.26041198582705727,0.5255742218484155,0.18138588401263023,0.03652467971533108,0.008877805754914342,1.0
Lloyd's Register Nederland,-0.0020500871272734348,-0.008175165812947083,-0.006589024564244055,0.0024888503096971853,-0.026096749160298804,0.009992629199840453,-0.8852505658916671,0.37602150542705626,0.9622586839578087,40,0.37396995797020044,0.39041829741846434,0.17857451044350453,0.0686556685916317,-0.20293675394426308,1.0
Geveke,-0.002090508320758959,-0.008335848457669215,-0.0038751540411221886,-0.00030586260039572907,-0.015410747795874147,-0.001222889204448574,-2.295873613074833,0.021683108880150636,0.939489213283254,40,0.14580288684719356,0.057711749498352546,0.47319631642233057,0.03590309166108001,-0.024901679173482294,1.0
Banden- en Wielenbranche,-0.002101014786083399,-0.00837761064378817,-0.010232785547123462,0.006030755974956664,-0.040307157719817854,0.02434212268318592,-0.5063981059868075,0.6125772039178129,0.9241834411051011,40,0.18098825052705786,0.8105381691507916,0.16221211987012168,0.08864681906646753,0.1403117884059213,1.0
Kring Eastman (Stap),-0.002205353053918204,-0.0087922736031264,-0.0071387874370804315,0.0027280813292440234,-0.02825082867044637,0.010957061152992553,-0.8761467617016372,0.38095025427937523,0.9518554988848231,33,0.23560268050115152,0.45565893265205953,0.4418832136173066,0.04947940455627585,-0.08055953627295953,1.0
"Schilders-, Afwerkings- en Glaszetbedrijf",-0.0022060359882797465,-0.008794987304278634,-0.008984110824454713,0.00457203884789522,-0.035455051882164246,0.01841395935107215,-0.6379025298675407,0.5235371308213075,0.9358560479885721,39,0.3828738116746595,0.3369307066236049,0.15138466106950527,0.1043899046752966,-0.029958502946521092,1.0
Woningcorporaties,-0.002237800261273971,-0.008921199345339192,-0.006927603555436157,0.002452003032888215,-0.027423791642051998,0.009844145049837216,-0.9352221493278746,0.34967382607127706,0.9437038778224001,40,0.2753822045686488,0.3176237693225965,0.4013988752155905,0.0725107776153132,0.00537458162214019,1.0
Oak,-0.0023330271318012553,-0.009299501198804627,-0.006984828739505432,0.0023187744759029212,-0.027647948681266743,0.009307408092500413,-0.9829845592968014,0.32561503812872494,0.9584990779278808,40,0.29914807809692195,0.5166768043887636,0.37541167264410874,0.0426608698990669,-0.1507001859316808,1.0
KPN,-0.0023523468892416898,-0.009376238378206447,-0.006944535202043653,0.002239841423560273,-0.02749011871176721,0.00898951200517506,-1.0039908792950607,0.315383009839876,0.9357078487102483,40,0.3372021123189094,0.30665778086578,0.39436894234608333,0.04866970839590603,-0.044489849678836124,1.0
Huisartsen,-0.002428815067040107,-0.00967992268928708,-0.006273922716932723,0.0014162925828525093,-0.024860504500057723,0.005677217007193258,-1.2380381747282918,0.21570190626779362,0.9389916230772806,40,0.21656174692041444,0.2973892799472859,0.3874157911022757,0.028757770565948318,-0.025243999881057216,1.0
PGB,-0.002470141775728648,-0.009844017750604173,-0.005556553609038133,0.0006162700575808372,-0.022041647995580727,0.002467359899380961,-1.5686140342277852,0.11673790031988603,0.960975708934141,40,0.314807872240338,0.309260407095189,0.4294212087774061,0.06915218178074949,-0.15769786988258927,1.0
Shell,-0.0025828719418696643,-0.010291529281869827,-0.0073297047960658255,0.002163960912326497,-0.028998044004572843,0.008683980565165728,-1.066466028663409,0.2862130274229234,0.8783540964850227,40,0.2442632447660415,0.20056854734209378,0.20362998408271737,0.05584332535373615,-0.14228555748088062,1.0
Smurfit Kappa Nederland,-0.002600216097043269,-0.01036036792148376,-0.00825226616278147,0.003051833968694931,-0.032602708546498715,0.012263331800308475,-0.9016781243887468,0.36722787686888525,0.9381307691515742,40,0.3258958078822243,0.31403203494200604,0.4300567958163638,0.029694471914071326,-0.08301029272237859,1.0
Rabobankorganisatie,-0.002610064072753034,-0.010399452761381212,-0.0076055331622726435,0.0023854050167665753,-0.030076824236990318,0.009575815335325588,-1.0240542956557106,0.30580963020461416,0.9112971715236411,40,0.23866505186426817,0.5594569825132589,0.11481661321387321,-0.0011725835044733256,-0.22979291009563918,1.0
YARA Nederland,-0.002635172341977717,-0.010499097716010208,-0.005180576776659094,-8.976790729633933e-05,-0.020561832284968995,-0.00035902328241554926,-2.029085363787741,0.04244959639725658,0.9720995705980485,40,0.3175202767738607,0.12577032523880122,0.31218020828373005,0.09253522941105895,-0.19351365144209426,1.0
Provisum,-0.002642625560697867,-0.010528675193681947,-0.00464161443517738,-0.0006436366862183542,-0.018437589775770258,-0.0025720622021515593,-2.591035392801466,0.009568764993904943,0.9739215384736074,40,0.2836468326529506,0.30153607253639614,0.22556394540376812,0.014752978958997433,-0.09340103796733645,1.0
Pensioenkring 2 (Stap),-0.0026874445854096316,-0.010706521777829936,-0.00921584335214182,0.003840954181322558,-0.03635690645451839,0.015452561178374458,-0.8068279506287904,0.4197656134410296,0.9446688642281212,27,0.2101233905949476,0.38760248456889695,0.5941697507213514,0.02892338695218293,-0.1629910821285545,1.0
Nedlloyd,-0.0027355048286172292,-0.01089720321745391,-0.006289482889223547,0.0008184732319890886,-0.02492157960927599,0.003277914512169966,-1.5085886441039251,0.13140393797484096,0.9265008676974784,39,0.15019317832189077,0.3472287578683326,-0.029626616410208445,0.04670349475166649,0.048979463593752215,1.0
Citigroup Nederland,-0.002962352611971388,-0.011796861157782113,-0.007141954035248501,0.0012172488113057246,-0.028263225667673142,0.004877892629794767,-1.3891526585852458,0.16478633396204267,0.9326338454312969,40,0.28320357404892305,0.3520155040851523,0.7362178352779776,-0.044245647873114136,-0.23613421100402687,1.0
Sagittarius,-0.0030277602899876667,-0.012056148107608466,-0.0074019649377253804,0.001346444357750047,-0.0292807444269646,0.005396664672680407,-1.3566583185049486,0.17488980221519224,0.8875003265108643,40,0.32183869808760146,0.19011206809290782,0.25649035352385474,0.040140781314569024,-0.1474959395993426,1.0
KLM-Cabinepersoneel,-0.0030357872877728167,-0.012087964950733388,-0.007077982356666106,0.001006407781120473,-0.028012758277771277,0.004031712342626337,-1.4719808538058283,0.14102604789643022,0.9520317548846476,40,0.35890306921674375,0.3051023784423731,0.2403852626491133,0.04592761349225724,-0.17097162606676747,1.0
Personeelsdiensten,-0.0030549039832716792,-0.012163735254722585,-0.0060566962069712035,-5.311175957215496e-05,-0.024007570793471045,-0.00021243011373373033,-1.9946423127384931,0.04608190523532055,0.9480776523977353,40,0.05114904084075174,0.35472354947378754,0.3721545406749591,-0.02381772379078384,-0.052866299267283305,1.0
Coram,-0.003163478499697753,-0.012593994956592747,-0.006626588551479919,0.00029963155208441276,-0.02624404616113407,0.0011990649903503847,-1.7903860496964672,0.07339187140377244,0.9720345133279282,39,0.3381664778762371,0.3414754564309199,0.5438183592687205,0.032484981768142934,-0.2439340814607899,1.0
APF,-0.00316788575784187,-0.012611457094880096,-0.006655834194606738,0.00032006267892299755,-0.026358713460217786,0.0012808654875622327,-1.780112895896575,0.07505748651310128,0.9611565993208263,40,0.30154578368499574,0.2839224476897783,0.07538746490341783,0.10129552201260451,-0.19148262241974526,1.0
Philips,-0.003175168068799911,-0.012640310064237825,-0.007411984100931561,0.0010616479633317388,-0.029319937119474337,0.004253359219303476,-1.4688424072494752,0.14187553874804218,0.9597466044507882,40,0.28324827514220324,0.4287009274286752,0.3005572783967054,0.04838434343200677,-0.11254298072362151,1.0
Lanschot,-0.0032249514363077384,-0.012837537928466758,-0.006935644126250108,0.00048574125363463113,-0.027455289739991784,0.0019443811404187272,-1.703398582207047,0.0884935028604393,0.9545410723351276,40,0.21911374109185508,0.5020635119639039,0.2778391161545168,0.04572056134938232,0.011829768284338099,1.0
HaskoningDHV,-0.0033604234681624363,-0.013374090859418875,-0.008989296052842174,0.0022684491165173015,-0.035475238628504324,0.0091047183534132,-1.1700938103178422,0.2419632191010027,0.9554033365944165,26,0.385592336074714,0.22211467337636503,0.29270280557034534,0.06908147298865566,-0.17288408971448302,1.0
Pensioenkring GE Nederland (Stap),-0.0034066811089439007,-0.013557249588646236,-0.005441887599910267,-0.0013714746179775347,-0.02159050930604256,-0.005474623131265788,-3.2807345642714747,0.0010353713258164795,0.9927128154767243,14,0.4389763308190504,0.34756788695512886,0.5318045691080242,0.015225868377477483,-0.3042902198236447,0.17497775406298502
CRH,-0.0035298358221339705,-0.014044760611062856,-0.0067492619977809615,-0.0003104096464869796,-0.026724960475043247,-0.0012410605806838504,-2.148939191417107,0.03163922057478391,0.9602717262810264,40,0.32499270511102707,0.31699488183299773,0.4373339158329243,0.026710192238291,-0.24770572827784498,1.0
Hagee,-0.0036081954047058173,-0.014354854906308723,-0.007039869787640979,-0.00017652102177065495,-0.027863513671846696,-0.0007058971510562895,-2.0607820711583935,0.03932383568220773,0.9661990719069434,40,0.33358649968517096,0.46067893817462113,0.49341102353202415,0.03313009251806556,-0.13730391418157167,1.0
Kring HPE (Achmea),-0.0036362794532015068,-0.014465974791631697,-0.005993554960848973,-0.00127900394555404,-0.023759543565275876,-0.005106209042023635,-3.0233957561925346,0.0024995512740801874,0.9924593906969478,13,0.21671055482589197,0.2649741974922385,0.5906760965910695,-0.009019550657804007,-0.20718484116021138,0.4199246140454715
Sportfondsen,-0.00383488843493183,-0.015251540896742188,-0.006433605758105079,-0.0012361711117585806,-0.02548713880166531,-0.004935523286660137,-2.892289650040738,0.003824451821593098,0.9643434899648752,40,0.4475418116827669,0.057430902463895914,0.690375141179435,-0.024035697653535786,-0.4451942499044193,0.6348590023844543
Personeelspensioenfonds APG,-0.003943870085306361,-0.015682400805372754,-0.009140453521329339,0.0012527133507166163,-0.036063574424056166,0.00502027701324903,-1.4874856570803265,0.13688658860254072,0.928865717821961,40,0.3444069353977913,0.32414907526249026,0.16057104102080755,0.13485399830020267,-0.13275546462896798,1.0
Levensmiddelenbedrijf,-0.004173858224459248,-0.016591196892155713,-0.009493780558077328,0.0011460641091588317,-0.03743774566159919,0.004592143237264867,-1.5377314335626378,0.12411429458774961,0.9417794462635884,40,0.267523432055889,0.6541250671086716,0.2009986145267374,0.06089692012615086,0.03733803597250243,1.0
AT&T Nederland,-0.004273738532835069,-0.016985676988073628,-0.008867777843863094,0.0003203007781929579,-0.03500206964721897,0.0012818187997551966,-1.8233134365198478,0.06825593240851043,0.94009214765589,40,0.2910536276076819,0.20969208745853282,0.6279993548003199,0.03127029127293743,0.018865887761633407,1.0
Kring DB evenwicht (Achmea),-0.004284771107245127,-0.017029243172235198,-0.009170107634643643,0.0006005654201533886,-0.03617896271257759,0.0024044266201315168,-1.719021198457799,0.0856105120368781,0.9754970971914775,17,0.21865747529892868,0.36298693294951173,0.3538324316646427,0.047000308313040126,-0.13244330978002664,1.0
Staples,-0.004365497777351691,-0.017347978104284234,-0.007395722610785802,-0.0013352729439175806,-0.029256325260665017,-0.005330403572402775,-2.823624941553373,0.004748391453348883,0.965121464699843,40,0.26773830132060306,0.2881553712065662,0.514116881843641,0.036594686619962465,-0.0882263079331555,0.7834845898025657
Pon,-0.0045186431908843,-0.017952432578007937,-0.011168834559915262,0.0021315481781466637,-0.0439324384160239,0.008553492457781475,-1.331747828244962,0.1829430669607608,0.8646482838365357,40,0.4749529743129203,0.32810863325522177,0.5008686942996765,-0.049080390068316514,-0.2887102404272996,1.0
Medewerkers Apotheken,-0.004654821868926865,-0.018489686237372127,-0.011353317536562286,0.002043673798708556,-0.04464572028856484,0.008199788970304933,-1.3619898661167027,0.17320108328472417,0.900758488308222,40,0.31044073258731725,0.3903926115531477,0.5551237210486848,0.01875148614692875,-0.1646306552701403,1.0
Alliance,-0.004784827041552259,-0.019002378409369358,-0.010357948108999301,0.000788294025894783,-0.04079250348770891,0.003156906508199997,-1.6827355013824807,0.09242630592609338,0.9445807968745323,40,0.39599485178561966,0.4307460859353933,0.3243711269085158,0.0458085440933864,-0.15984433126896763,1.0
Kring D (De Nationale),-0.00623922818385031,-0.02472431493194238,-0.013288582281309512,0.0008101259136088917,-0.05210416576082877,0.0032444436055969472,-1.7347209918255395,0.08279023628476127,0.9354739686344833,18,0.2354228674228923,0.3928977496693397,0.3899957782921354,0.05517255950879216,-0.14648149753476503,1.0
Mars,-0.006666288222835198,-0.026399699507821173,-0.012133351565277069,-0.0011992248803933273,-0.047657220268354505,-0.004788277576237232,-2.389890880884637,0.016853379258962124,0.8344357650069651,40,0.29341385346113136,0.262651837997655,-0.017747933513634406,0.03987742679351467,0.16877974478596197,1.0
HAL,-0.008819212991877922,-0.0348129185924958,-0.014545924012897216,-0.003092501970858628,-0.056926458585146555,-0.01231274468275112,-3.018371238329371,0.00254137373022149,0.8868130765504378,40,0.6164125103592315,-0.10715467036413094,0.6481397893258594,0.08701108934026908,-0.36990659973186607,0.42440941294698886
Kring B (De Nationale),-0.01063783769514991,-0.0418771716932802,-0.020225948665759066,-0.0010497267245407546,-0.0784821901650562,-0.004192299966656932,-2.1745449984661334,0.029664229836012013,0.9694889385228089,14,0.38499066273322685,0.2729418113973226,0.6016530793207209,-0.008812609907134002,-0.28618038248306704,1.0
