fund,risk_exposure_profile,duration_profile,alpha_interpretation,broad_risky_beta,interest_rate_beta,currency_beta,beta_equity,beta_credit,beta_real_estate,beta_duration,beta_fx,loading_share_equity,loading_share_credit,loading_share_real_estate,loading_share_duration,loading_share_fx_abs,alpha_annualized,p_alpha_holm,r2,n_obs,largest_average_factor_contribution,avg_annualized_simple_contribution_equity,avg_annualized_simple_contribution_duration,avg_annualized_simple_contribution_credit,avg_annualized_simple_contribution_real_estate,avg_annualized_simple_contribution_fx
HAL,hoog risky/rendementsgevoelig,laag durationprofiel,"negatieve alpha-puntinschatting, niet significant na Holm",1.3515618848969937,-0.10715481252001587,-0.3699070337376812,0.6164127080301269,0.6481375325050736,0.08701164436179326,-0.10715481252001587,-0.3699070337376812,0.35807367844841137,0.3765026051234907,0.050544998762338166,0.0,0.21487871766575983,-0.034812937128368526,0.42440954968876554,0.8868130825735785,40,equity (positief),0.0735309956136956,-0.0002475714069514563,0.004394551342429868,0.002972891890565669,-0.004511586954087541
Kring HP Nederland (Achmea),hoog risky/rendementsgevoelig,gemiddeld durationprofiel,alpha rond nul / geen sterk residueel signaal,1.226445518236454,0.3983334482568209,-0.24908921331017278,0.25872684380861016,1.037821604806782,-0.07010293037893817,0.3983334482568209,-0.24908921331017278,0.13309191811206295,0.5338667840127584,0.0,0.20490708229683965,0.12813421557833898,-0.005012344477257846,1.0,0.9753778245334636,13,equity (positief),0.030863157377194122,0.0009203130489575109,0.007036716897074099,-0.002395178654041699,-0.0030380272411122517
Kring ES Nederland (Achmea),hoog risky/rendementsgevoelig,gemiddeld durationprofiel,alpha rond nul / geen sterk residueel signaal,1.1270026669118054,0.42469179388946227,-0.2610041604650622,0.23196827328738073,0.9530706993600031,-0.05803630573557833,0.42469179388946227,-0.2610041604650622,0.12399847243945968,0.5094632519035824,0.0,0.2270186907613283,0.1395195848956296,0.002543674701605436,1.0,0.9790486086689287,13,equity (positief),0.027671165541216073,0.000981211599005992,0.006462082368714373,-0.0019829031383694997,-0.0031833484035661726
AVEBE,hoog risky/rendementsgevoelig,laag durationprofiel,alpha rond nul / geen sterk residueel signaal,1.1251674443108755,-0.006634813822515684,-0.45842317487480744,0.7242973094987104,0.4386826864734332,-0.03781255166126814,-0.006634813822515684,-0.45842317487480744,0.44671018443880844,0.2705574371390209,0.0,0.0,0.2827323784221705,-0.005016164259983635,1.0,0.9639116481158763,40,equity (positief),0.08640039634802307,-1.5329131321977274e-05,0.0029743896812941878,-0.0012919262590644677,-0.0055911778543882565
Sportfondsen,hoog risky/rendementsgevoelig,laag durationprofiel,alpha rond nul / geen sterk residueel signaal,1.1138827357983048,0.05743033367727497,-0.44519437695252234,0.4475417083135557,0.6903768443895635,-0.024035816904814444,0.05743033367727497,-0.44519437695252234,0.2728009180351227,0.4208220897430029,0.0,0.035006899824512945,0.2713700923973614,-0.015251533808912754,0.6348848288096501,0.9643434463245456,40,equity (positief),0.05338661413408356,0.00013268754035213035,0.0046809455341500425,-0.0008212220983013659,-0.0054298322548699575
Kring Holland Casino (Stap),hoog risky/rendementsgevoelig,gemiddeld durationprofiel,alpha rond nul / geen sterk residueel signaal,1.097588305937849,0.33790149732778746,-0.14873075869297822,0.35930751256936455,0.7095349189191653,0.02874587444931915,0.33790149732778746,-0.14873075869297822,0.22680396984946524,0.447876347496682,0.01814512141780299,0.21329195280108643,0.09388260843496335,-0.006572936512951211,1.0,0.9477423721207937,30,equity (positief),0.042861282362489095,0.0007806905461088638,0.004810842566678049,0.000982148741865686,-0.001814001058078364
Kring Chemours (Achmea),hoog risky/rendementsgevoelig,gemiddeld durationprofiel,alpha rond nul / geen sterk residueel signaal,0.9910420378951408,0.4318718774014576,-0.13343593469481926,0.2613934688166406,0.7271486058856073,0.0024999631928929733,0.4318718774014576,-0.13343593469481926,0.16795289877663563,0.46721410734843266,0.0016062989904916038,0.27749022972170373,0.08573646516273643,-0.005213711849491154,1.0,0.9678730340454236,20,equity (positief),0.03118125528337693,0.0009978005261413142,0.004930268225310017,8.541523789576393e-05,-0.0016274570831830582
Pensioenkring GE Nederland (Stap),hoog risky/rendementsgevoelig,gemiddeld durationprofiel,alpha rond nul / geen sterk residueel signaal,0.9860082360308066,0.3475677235499254,-0.30429044480145406,0.4389762154275137,0.5318062437567606,0.01522577684653239,0.3475677235499254,-0.30429044480145406,0.26801710704426984,0.3246945186334421,0.009296104252334092,0.21220761511439037,0.18578465495556362,-0.013557206586034987,0.17497361576385878,0.9927128268241513,14,equity (positief),0.05236484866489743,0.0008030234788950485,0.0036057930997778834,0.0005202129996119727,-0.0037112914213825866
Kring B (De Nationale),hoog risky/rendementsgevoelig,laag durationprofiel,"negatieve alpha-puntinschatting, niet significant na Holm",0.9778324744640564,0.27294194189721216,-0.2861805458707746,0.3849903185931083,0.6016550337970091,-0.008812877926061006,0.27294194189721216,-0.2861805458707746,0.2490608929693677,0.38922729414235363,0.0,0.17657369677796836,0.18513811611031025,-0.04187708838909454,1.0,0.9694890703537984,14,equity (positief),0.045924947780929815,0.0006306074266046922,0.004079387173017383,-0.0003011060589775066,-0.003490413264701095
Pensura,hoog risky/rendementsgevoelig,laag durationprofiel,alpha rond nul / geen sterk residueel signaal,0.9754309677147781,0.2216332485877815,0.04898565412087874,0.4236806031287491,0.5310614235006546,0.0206889410853745,0.2216332485877815,0.04898565412087874,0.34001897771938455,0.42619596222114836,0.016603622035082664,0.17786868234452372,0.03931275567986072,-0.006185173583920123,1.0,0.9719257323469959,40,equity (positief),0.05054025681888656,0.0005120633771800921,0.003600743012887083,0.0007068707369942311,0.0005974556250961288
Citigroup Nederland,hoog risky/rendementsgevoelig,gemiddeld durationprofiel,alpha rond nul / geen sterk residueel signaal,0.9751806123761874,0.3520143648210199,-0.23613380680673599,0.28320278605372595,0.7362238746522574,-0.0442460483297961,0.3520143648210199,-0.23613380680673599,0.1761677157153527,0.45797175959981323,0.0,0.21897230395800338,0.14688822072683058,-0.011796802214662283,1.0,0.9326340460628598,40,equity (positief),0.033782857731228216,0.0008132970374016965,0.004991801052127267,-0.0015117369546803557,-0.0028800160717240655
Calpam,hoog risky/rendementsgevoelig,laag durationprofiel,alpha rond nul / geen sterk residueel signaal,0.9602680323713272,0.09352407094691195,0.14837628805105285,0.17450683808756365,0.7654574682959921,0.020303725987771387,0.09352407094691195,0.14837628805105285,0.14516006188517164,0.6367306558643768,0.016889252897961383,0.07779614870790798,0.12342388064458218,-0.0045048292462979145,1.0,0.9252660688611545,40,equity (positief),0.020816672626660686,0.00021607882356034926,0.0051900128848760795,0.0006937092475385668,0.0018096777417370704
Kring SVG (Stap),hoog risky/rendementsgevoelig,laag durationprofiel,alpha rond nul / geen sterk residueel signaal,0.9524831699111078,0.22185481203663146,-0.09595493938147034,0.3069402033808705,0.6025275820139102,0.04301538451632698,0.22185481203663146,-0.09595493938147034,0.24162946846912625,0.4743217661824307,0.03386257121807506,0.17464854626166612,0.07553764786870179,-0.007595892295697904,1.0,0.9595941181162854,33,equity (positief),0.036614460497726375,0.0005125752792913533,0.004085303290732549,0.0014696893586613397,-0.001170318521168481
AT&T Nederland,hoog risky/rendementsgevoelig,laag durationprofiel,alpha rond nul / geen sterk residueel signaal,0.9503230675104162,0.20969195097126309,0.018865116978565438,0.2910538645722304,0.6279990041373891,0.03127019880079661,0.20969195097126309,0.018865116978565438,0.24689012548218106,0.5327081059790807,0.02652534202604785,0.17787385219566668,0.01600257431702362,-0.01698569224523938,1.0,0.9400920719376116,40,equity (positief),0.034719401726162724,0.0004844740997391436,0.00425800656229545,0.0010683963176781944,0.00023008920589541408
Campina,hoog risky/rendementsgevoelig,laag durationprofiel,alpha rond nul / geen sterk residueel signaal,0.9368167444585357,0.26303329133973435,-0.058658246428071714,0.2504577944151964,0.6218866342353933,0.06447231580794596,0.26303329133973435,-0.058658246428071714,0.19901163778765799,0.49414584156351815,0.05122915495946705,0.2090040209146816,0.04660934477467513,-0.0041629934175508865,1.0,0.9655645939938728,40,equity (positief),0.029876754230802754,0.0006077143945344164,0.0042165630074770385,0.002202799708444461,-0.0007154278107677472
Zuivel en aanverwante industrie,hoog risky/rendementsgevoelig,hoog duration/rentegevoelig,alpha rond nul / geen sterk residueel signaal,0.9316077343499305,0.7051736497240653,0.00045626941842530355,0.19007573362816604,0.8273013414450874,-0.08576934072332282,0.7051736497240653,0.00045626941842530355,0.11031628673955689,0.480149729062271,0.0,0.4092691742351499,0.00026480996302222345,-0.0031371254533717474,1.0,0.9136110610441263,40,equity (positief),0.022673864042075453,0.001629239308077457,0.005609331412408338,-0.0029304466013228567,5.564909471757949e-06
Pon,hoog risky/rendementsgevoelig,gemiddeld durationprofiel,alpha rond nul / geen sterk residueel signaal,0.9267450838719088,0.32810793129552185,-0.28871015947593515,0.4749525654995374,0.5008735781878,-0.04908105981542865,0.32810793129552185,-0.28871015947593515,0.29821635945012775,0.31449181640870644,0.0,0.20601457889747615,0.18127724524368957,-0.01795239867417986,1.0,0.8646483468100119,40,equity (positief),0.05665641631897224,0.0007580634063224255,0.0033960610904686618,-0.001676932849343168,-0.0035212658052019004
Coram,hoog risky/rendementsgevoelig,gemiddeld durationprofiel,alpha rond nul / geen sterk residueel signaal,0.9144729481123288,0.34147466574293023,-0.2439340766034086,0.33816605067273253,0.5438222272136329,0.0324846702259633,0.34147466574293023,-0.2439340766034086,0.22546181663789797,0.3625767490016701,0.021658155061569824,0.22766773400541107,0.1626355452934511,-0.012593960656578251,1.0,0.9720345930283749,39,equity (positief),0.04033934742873951,0.0007889460253636677,0.003687264783768966,0.001109890674872381,-0.002975152395836213
Molenaarspensioenfonds,hoog risky/rendementsgevoelig,hoog duration/rentegevoelig,alpha rond nul / geen sterk residueel signaal,0.9014839814676978,0.6498566596006192,-0.12520214720061765,0.37286715373036705,0.5449720374139535,-0.016355209676622788,0.6498566596006192,-0.12520214720061765,0.2202537625910514,0.32191664121247276,0.0,0.3838723067717386,0.07395728942473713,-0.005567500623093302,1.0,0.9250130033481336,40,equity (positief),0.044478792679431216,0.0015014344549764986,0.003695060814250072,-0.000558801877297736,-0.0015270333419359205
Forbo,hoog risky/rendementsgevoelig,gemiddeld durationprofiel,alpha rond nul / geen sterk residueel signaal,0.8973181714854328,0.4345526694931089,-0.031644553993539964,0.21220920592010029,0.6595135240961157,0.025595441469216794,0.4345526694931089,-0.031644553993539964,0.1556338906789133,0.4836861589741122,0.01877165565097332,0.3187002296384094,0.023208065057591737,-0.0013414342668403023,1.0,0.9478844463799961,40,equity (positief),0.02531413448558248,0.0010039942514091407,0.004471683704946606,0.0008745091641170613,-0.0003859541558931716
Particuliere Beveiliging,hoog risky/rendementsgevoelig,gemiddeld durationprofiel,alpha rond nul / geen sterk residueel signaal,0.8920949562846769,0.4935369779669876,-0.07389569357950311,0.32202048619027146,0.6374296352773727,-0.06735516518296729,0.4935369779669876,-0.07389569357950311,0.21090059280489276,0.417471228435981,0.0,0.3232317373835378,0.048396441375588295,0.004233151278629332,1.0,0.9041373293642045,40,equity (positief),0.03841336599507565,0.0011402721085908621,0.004321948844076287,-0.0023012968646766497,-0.0009012719864985247
Kring Douwe Egberts (Stap),hoog risky/rendementsgevoelig,laag durationprofiel,alpha rond nul / geen sterk residueel signaal,0.8879618832711673,0.21354907296722034,-0.18327270779438487,0.33307349091427196,0.5080635032051288,0.04682488915176655,0.21354907296722034,-0.18327270779438487,0.2592448053618589,0.39544673350716664,0.03644573826910998,0.1662140319381996,0.14264869092366506,-0.0049051108207208705,1.0,0.9699925391060789,27,equity (positief),0.03973186321502413,0.0004933856278064823,0.003444810766351111,0.001599847172834813,-0.0022352934172963153
Medewerkers Apotheken,hoog risky/rendementsgevoelig,gemiddeld durationprofiel,alpha rond nul / geen sterk residueel signaal,0.884315827917781,0.3903924781407138,-0.1646317784326654,0.3104411076125475,0.5551235980332225,0.018751122272010975,0.3903924781407138,-0.1646317784326654,0.21568294453655515,0.38567924565893785,0.013027582900006518,0.2712301855184743,0.11438004138602624,-0.018489708600291532,1.0,0.900758207371762,40,equity (positief),0.037032078386439383,0.0009019661628217448,0.0037638911968615246,0.0006406620602373576,-0.0020079385252559537
Gazelle psf,hoog risky/rendementsgevoelig,gemiddeld durationprofiel,alpha rond nul / geen sterk residueel signaal,0.8787380218770456,0.4486056813706535,-0.0903790187331695,0.3442131681622851,0.5250880673943459,0.00943678632041467,0.4486056813706535,-0.0903790187331695,0.24279301080915458,0.3703743046882137,0.006656298988584605,0.31642695318013475,0.06374943233391242,-0.007171525602927109,1.0,0.9398924388973541,40,equity (positief),0.04106069947714351,0.001036462451769058,0.003560242009968254,0.00032242288639335883,-0.0011023115665569044
Kring ANWB (De nationale),hoog risky/rendementsgevoelig,gemiddeld durationprofiel,alpha rond nul / geen sterk residueel signaal,0.8771127245140703,0.45007505974341583,-0.22352856774110794,0.22780628654378082,0.6546887384732489,-0.005382300502959514,0.45007505974341583,-0.22352856774110794,0.14639578678226084,0.42072444277281795,0.0,0.2892329859806022,0.14364678446431903,-0.004826827736599371,1.0,0.9595514104750476,20,equity (positief),0.02717468805948812,0.0010398573162882867,0.00443897032688631,-0.0001838948986103966,-0.0027262757344641607
Hagee,hoog risky/rendementsgevoelig,gemiddeld durationprofiel,alpha rond nul / geen sterk residueel signaal,0.860130611762468,0.46067820080401745,-0.13730404738522875,0.3335860416393908,0.4934147696014781,0.033129800521599057,0.46067820080401745,-0.13730404738522875,0.22877930152158293,0.33839271510013136,0.02272101250289786,0.3159413879795786,0.09416558289580933,-0.014354818938744685,1.0,0.9661991665360828,40,equity (positief),0.03979300466235242,0.0010643549052322043,0.003345488309782347,0.0011319325824621187,-0.0016746346850108932
Kring 2 - DB premie (Achmea),hoog risky/rendementsgevoelig,gemiddeld durationprofiel,alpha rond nul / geen sterk residueel signaal,0.8415375249047176,0.45656144064746895,0.05771978818634687,0.24934773553730535,0.5416402732023494,0.05054951616506273,0.45656144064746895,0.05771978818634687,0.1839093424912099,0.3994931267242255,0.03728338763988736,0.3367422374034485,0.04257190574122859,-0.0016621224099999665,1.0,0.9108816124770289,31,equity (positief),0.029744336885381705,0.0010548435069098188,0.0036724705333999966,0.0017271050073973803,0.0007039818646943773
Pensioenkring 2 (Stap),hoog risky/rendementsgevoelig,gemiddeld durationprofiel,alpha rond nul / geen sterk residueel signaal,0.8332137818688652,0.3876031825649469,-0.16299141444290763,0.21012345953954556,0.5941662899806038,0.02892403234871571,0.3876031825649469,-0.16299141444290763,0.15184433245743845,0.4293703514520609,0.02090176124832706,0.28009888397956983,0.1177846708626037,-0.01070649778808952,1.0,0.9446686414296718,27,equity (positief),0.025065328765061293,0.0008955217501644309,0.0040286114232096215,0.0009882357912283438,-0.001987931755713436
Staples,hoog risky/rendementsgevoelig,laag durationprofiel,alpha rond nul / geen sterk residueel signaal,0.8184516178117872,0.28815488071179507,-0.08822662939479688,0.2677381645280451,0.5141190258584185,0.036594427425323546,0.28815488071179507,-0.08822662939479688,0.2240799641992641,0.4302852120899169,0.030627228665041976,0.2411674684763841,0.07384012656939302,-0.0173479661970809,0.7835188111090454,0.9651214890649622,40,equity (positief),0.0319381050148116,0.0006657555322064745,0.003485868881134674,0.0012503070977521766,-0.0010760598579559661
Vlees- en Vleeswarenindustrie en de Gemaksvoedingindustrie,hoog risky/rendementsgevoelig,gemiddeld durationprofiel,alpha rond nul / geen sterk residueel signaal,0.8175375695278959,0.4063442686119851,-0.021651588993007953,0.2564923464737594,0.5380727347440905,0.022972488310046016,0.4063442686119851,-0.021651588993007953,0.2059297172490848,0.43200184195994457,0.018443895450422965,0.32624115881607024,0.017383386524477348,-0.0034042704968035853,1.0,0.9596812131113122,40,equity (positief),0.030596607366807745,0.0009388213176905919,0.0036482816380889703,0.0007848917774623574,-0.00026407453096821026
Thales,hoog risky/rendementsgevoelig,gemiddeld durationprofiel,alpha rond nul / geen sterk residueel signaal,0.8159289412126821,0.46077794041846676,-0.0739620951975958,0.3010564847668927,0.43865580889442213,0.0762166475513674,0.46077794041846676,-0.0739620951975958,0.2228943508229141,0.3247692931574903,0.05642881332057953,0.3411479410005655,0.05475960169845056,0.00023793227219970348,1.0,0.9548673654684608,40,equity (positief),0.03591260006889258,0.0010645853445013075,0.0029742074438908576,0.002604063572105697,-0.000902081856672904
PGB,hoog risky/rendementsgevoelig,gemiddeld durationprofiel,alpha rond nul / geen sterk residueel signaal,0.8133830863544391,0.309259907645906,-0.15769811068838874,0.3148076576418902,0.42942343579299425,0.06915199291955468,0.309259907645906,-0.15769811068838874,0.24587795899782794,0.33539767974362755,0.05401060128922937,0.24154493401279245,0.12316882595652276,-0.009844000603532299,1.0,0.9609758289405357,40,equity (positief),0.037552957931704836,0.0007145167692330451,0.002911609406326391,0.0023626883559652537,-0.0019233717501314783
Pensioenkring OWASE (Hnp),hoog risky/rendementsgevoelig,laag durationprofiel,alpha rond nul / geen sterk residueel signaal,0.8124152260737539,0.28355915862444303,-0.26063656202097973,0.3051715873417654,0.480725247611059,0.026518391120929602,0.28355915862444303,-0.26063656202097973,0.22495144100067255,0.35435748824940805,0.019547528482695493,0.20902024954921788,0.19212329271800607,-0.0043494040156151215,1.0,0.9789676612562547,20,equity (positief),0.03640348480478626,0.0006551375360907042,0.003259449848651641,0.000906043214014666,-0.0031788649734245298
Kring 4 - Koopkracht (Achmea),hoog risky/rendementsgevoelig,gemiddeld durationprofiel,alpha rond nul / geen sterk residueel signaal,0.8118538201141305,0.36671209964039353,0.0174952196589247,0.2686656518586012,0.49122486490280626,0.05196330335272309,0.36671209964039353,0.0174952196589247,0.22462534982982182,0.4107021361330276,0.04344535713133028,0.3065997945725668,0.014627362333253631,-0.003109762000184757,1.0,0.9217019204319814,31,equity (positief),0.032048743659905114,0.0008472548112305858,0.0033306401515586655,0.0017754093061611751,0.00021338119466004655
Hoogovens,hoog risky/rendementsgevoelig,laag durationprofiel,alpha rond nul / geen sterk residueel signaal,0.8046781551629807,0.11316943676593572,-0.11973363825789254,0.31527491211930525,0.4525462492846198,0.03685699375905567,0.11316943676593572,-0.11973363825789254,0.3038556432468832,0.43615500754879893,0.035522032094219586,0.10907043561838563,0.11539688149171257,0.00179275745117069,1.0,0.9571659733277867,40,equity (positief),0.03760869605404025,0.0002614676469039883,0.0030683884631997607,0.0012592780961744353,-0.0014603364387842882
"Metalektro, bedrijfstakpensioenfonds",hoog risky/rendementsgevoelig,gemiddeld durationprofiel,alpha rond nul / geen sterk residueel signaal,0.8002045567887554,0.3602344503217095,-0.08715375236356723,0.2625008688577507,0.5334407687737189,0.004262919157285737,0.3602344503217095,-0.08715375236356723,0.21040589316053537,0.42757603771170505,0.003416915595985764,0.28874362053333763,0.06985753299843617,-0.0030440312733012176,1.0,0.9583088263786098,40,equity (positief),0.03131335545993833,0.0008322887941395177,0.0036168756304866775,0.00014564944595388653,-0.0010629744673686966
Kring HPE (Achmea),hoog risky/rendementsgevoelig,laag durationprofiel,alpha rond nul / geen sterk residueel signaal,0.7983669641158957,0.264974357486162,-0.20718563089681272,0.21671066862686447,0.5906759636642128,-0.009019668175181648,0.264974357486162,-0.20718563089681272,0.16936519945846407,0.46162910684180525,0.0,0.20708456667766917,0.1619211270220615,-0.014465986064003733,0.41993258944789613,0.9924593783224107,13,equity (positief),0.02585110757233804,0.0006121990505713738,0.004004946047529353,-0.00030817137832835843,-0.0025269484064239854
CRH,hoog risky/rendementsgevoelig,gemiddeld durationprofiel,alpha rond nul / geen sterk residueel signaal,0.789037298414195,0.3169946643594012,-0.24770631182975317,0.32499273160012976,0.43733450198930396,0.026710064824761258,0.3169946643594012,-0.24770631182975317,0.2400705791489525,0.32305690855748664,0.019730597358331627,0.23416244506515257,0.1829794698700767,-0.014044759944585428,1.0,0.9602717307841487,40,equity (positief),0.03876792092450523,0.0007323872181373306,0.002965248618421815,0.0009125920524366418,-0.0030211606240738913
Smurfit Kappa Nederland,hoog risky/rendementsgevoelig,gemiddeld durationprofiel,alpha rond nul / geen sterk residueel signaal,0.7856522810747727,0.3140308960011325,-0.08300954925406098,0.32589485861752104,0.4300632765608122,0.029694145896439334,0.3140308960011325,-0.08300954925406098,0.27555327885444164,0.3636306091907311,0.02510723642360069,0.26552196442063786,0.07018691111058856,-0.010360298573919957,1.0,0.9381310947654542,40,equity (positief),0.038875534373894974,0.0007255397020521549,0.0029159477033145133,0.0010145479513723671,-0.0010124295169388101
Metaal en Techniek,hoog risky/rendementsgevoelig,gemiddeld durationprofiel,alpha rond nul / geen sterk residueel signaal,0.7827916269345468,0.45238799187061784,-0.03549882535356788,0.2156425236410865,0.5276202539988027,0.03952884929465766,0.45238799187061784,-0.03549882535356788,0.1697066040841317,0.4152272012044084,0.031108459796709773,0.35602082804680496,0.02793690686794509,-0.0041052751129825316,1.0,0.9537552202556627,40,equity (positief),0.025723690075519993,0.0010452011347080864,0.003577410933975616,0.001350566310675091,-0.00043296294134315713
Essity,hoog risky/rendementsgevoelig,gemiddeld durationprofiel,alpha rond nul / geen sterk residueel signaal,0.7816629210950814,0.3424813052336618,0.04057170562099838,0.26180526280884103,0.5002057397235908,0.019651918562649556,0.3424813052336618,0.04057170562099838,0.22478035684682138,0.42946586888894306,0.016872713786744657,0.29404706833566363,0.034833992141827315,-0.002885116532428622,1.0,0.9495411017529218,40,equity (positief),0.031230377603276856,0.0007912717739619098,0.003391532961372244,0.0006714392051486307,0.0004948345424396035
KPN,hoog risky/rendementsgevoelig,gemiddeld durationprofiel,alpha rond nul / geen sterk residueel signaal,0.7802427321746122,0.30665729805289427,-0.04449002546819533,0.33720186645633154,0.3943713864665458,0.048669479251734864,0.30665729805289427,-0.04449002546819533,0.29804209853071684,0.34857243483905587,0.04301741826942926,0.27104471752169323,0.039323330839104845,-0.009376218566063188,1.0,0.9357079600270305,40,equity (positief),0.04022433126430393,0.0007085036774872412,0.002673946838279915,0.0016628705416015504,-0.0005426244980020389
Architectenbureaus,hoog risky/rendementsgevoelig,gemiddeld durationprofiel,alpha rond nul / geen sterk residueel signaal,0.7708422094857689,0.4188318663302899,-0.11419805771550104,0.2645338364655463,0.5217808693970831,-0.0154724963768605,0.4188318663302899,-0.11419805771550104,0.2005039702809935,0.3954848927026,0.0,0.31745448219951616,0.08655665481689032,0.007828687712871485,1.0,0.9559939384141555,40,equity (positief),0.031555865275690376,0.0009676727716184034,0.0035378182948311607,-0.0005286425666697661,-0.0013928214939993649
Alliance,gemiddeld risky profiel,gemiddeld durationprofiel,alpha rond nul / geen sterk residueel signaal,0.7661752519848379,0.43074591618129016,-0.15984511187887596,0.39599498035978287,0.32437211946191724,0.045808152163137814,0.43074591618129016,-0.15984511187887596,0.29186676156680996,0.23907737407150023,0.033762743692022146,0.317479821334447,0.11781329933522072,-0.019002382880105362,1.0,0.9445807079786364,40,equity (positief),0.04723767823822597,0.0009951990955858964,0.002199332489693507,0.0015651087286817017,-0.0019495577419563368
Medische Specialisten,gemiddeld risky profiel,hoog duration/rentegevoelig,alpha rond nul / geen sterk residueel signaal,0.7609661241313329,0.5848124308658922,-0.007874282783794373,0.23149177797197804,0.5023590026823501,0.027115343477004755,0.5848124308658922,-0.007874282783794373,0.17101266403833038,0.37111361839705076,0.020031238970734683,0.4320254163723013,0.00581706222158284,0.002748266244066322,1.0,0.9434405674038284,40,equity (positief),0.027614325092454414,0.00135115570553703,0.003406132678486985,0.0009264390453019223,-9.603902667434992e-05
Atos Origin,gemiddeld risky profiel,laag durationprofiel,alpha rond nul / geen sterk residueel signaal,0.7596185599310871,0.16639483480734713,-0.016845420006509515,0.19493038762487788,0.49780902914721764,0.06687914315899153,0.16639483480734713,-0.016845420006509515,0.20674398390983834,0.5279783371192026,0.07093229878439782,0.17647905731502253,0.017866322871538762,-0.004645945422630859,1.0,0.9257675378015683,40,equity (positief),0.023252968815692127,0.0003844400675426051,0.0033752826022237646,0.002285032811454946,-0.0002054558854141404
Groothandel,gemiddeld risky profiel,hoog duration/rentegevoelig,alpha rond nul / geen sterk residueel signaal,0.7594758036225321,0.7071594468978204,0.049942895398313175,0.1689678824393858,0.5985213201975152,-0.008013399014368885,0.7071594468978204,0.049942895398313175,0.11082829561855366,0.3925781447409276,0.0,0.4638353460951939,0.03275821354532492,0.010249722108561565,1.0,0.9251612939714335,40,equity (positief),0.020155938481882615,0.0016338273110673828,0.004058139729975132,-0.00027379058424213426,0.0006091306592676874
BPF Foodservice,gemiddeld risky profiel,hoog duration/rentegevoelig,alpha rond nul / geen sterk residueel signaal,0.7571949408536581,0.6613628175936666,0.15458831539208784,0.11725249101108416,0.6136318488015713,0.026310601041002704,0.6613628175936666,0.15458831539208784,0.07453375942700495,0.3900666689546155,0.016724830248464582,0.4204077603420181,0.09826698102789676,0.013692939079049227,1.0,0.9354717046088269,40,equity (positief),0.013986882959930037,0.0015280183820624836,0.004160593284092151,0.000898943733846401,0.0018854429988262968
Robeco,gemiddeld risky profiel,gemiddeld durationprofiel,alpha rond nul / geen sterk residueel signaal,0.7566727267157064,0.38896673649424857,-0.06663235066805992,0.27579782159891986,0.4295933405177789,0.05128156459900756,0.38896673649424857,-0.06663235066805992,0.22750493613858128,0.3543704766536846,0.04230203491654206,0.32085769217875126,0.05496486011244077,0.0002508414650064239,1.0,0.9254057452275121,40,equity (positief),0.03289953004873127,0.0008986721169729057,0.0029127614072504875,0.0017521166120939523,-0.0008126843141008987
Cosun,gemiddeld risky profiel,gemiddeld durationprofiel,alpha rond nul / geen sterk residueel signaal,0.7557703657993007,0.33794474296417065,-0.024052824022280067,0.14963557205759637,0.5564255186594045,0.049709275082299845,0.33794474296417065,-0.024052824022280067,0.13386998111912896,0.4978005741072351,0.04447191015617361,0.3023389140552007,0.02151862056226156,-0.005991836509665616,1.0,0.9422119346307828,40,equity (positief),0.017849814660346342,0.000780790461201729,0.0037727185780091826,0.0016983968279417725,-0.00029336129667876593
Woningcorporaties,gemiddeld risky profiel,gemiddeld durationprofiel,alpha rond nul / geen sterk residueel signaal,0.7492950944105676,0.31762297626940605,0.005374756425091692,0.27538167372114974,0.4014028617188002,0.07251055897061767,0.31762297626940605,0.005374756425091692,0.25681573797767027,0.3743407132569301,0.06762197520837557,0.29620917741929903,0.0050123961377250385,-0.008921160031396314,1.0,0.9437041047414895,40,equity (positief),0.032849888360011466,0.0007338388754162344,0.0027216221810264256,0.002477439132718975,6.555344656148868e-05
Zorg en Welzijn,gemiddeld risky profiel,laag durationprofiel,alpha rond nul / geen sterk residueel signaal,0.7475249324019855,0.2847269834281424,-0.054481070833736794,0.27717382273412666,0.3934310587868436,0.07692005088101522,0.2847269834281424,-0.054481070833736794,0.2550523690138604,0.36203102658605046,0.07078100308443773,0.2620027062049703,0.05013289511068116,-0.006782783270841919,1.0,0.9427761583855936,40,equity (positief),0.033063671267948944,0.0006578356886321093,0.0026675711571012804,0.0026280964710337067,-0.0006644807100167551
HaskoningDHV,gemiddeld risky profiel,laag durationprofiel,alpha rond nul / geen sterk residueel signaal,0.7473761348879995,0.2221149183734542,-0.1728839759000422,0.38559212584716146,0.2927022173771836,0.06908179166365433,0.2221149183734542,-0.1728839759000422,0.3375354992923702,0.25622252754599095,0.06047207782050385,0.19443257485808907,0.1513373204830459,-0.013374052294919503,1.0,0.9554033909958599,26,equity (positief),0.04599673651270254,0.0005131762312248203,0.0019846018133458923,0.0023602898178626303,-0.0021085868045281272
Beroepsvervoer over de Weg,gemiddeld risky profiel,hoog duration/rentegevoelig,alpha rond nul / geen sterk residueel signaal,0.7470411321882114,0.637984538051865,-0.01455380941443113,0.22754863146157048,0.5199114228092836,-0.00041892208264255465,0.637984538051865,-0.01455380941443113,0.16253492231078473,0.3713657259638051,0.0,0.4557037617044699,0.01039559002094033,0.0023680181380445475,1.0,0.9372504946893153,40,equity (positief),0.027143952751028308,0.0014740050025216706,0.003525142931038753,-1.431314246962778e-05,-0.00017750615883932374
KLM Algemeen,gemiddeld risky profiel,laag durationprofiel,alpha rond nul / geen sterk residueel signaal,0.7464053924789293,0.15628069999183286,-0.0734004649079964,0.3068043669169676,0.3641262571007852,0.07547476846117654,0.15628069999183286,-0.0734004649079964,0.3143208607860336,0.37304709746093795,0.07732384786023588,0.16010946858188316,0.07519872531090932,-0.0022946422890675056,1.0,0.9421471775772883,40,equity (positief),0.036598256759060206,0.000361072282862791,0.0024688765141736226,0.002578716087327245,-0.0008952319088306742
"Mode-, Interieur-, Tapijt- en Textielindustrie",gemiddeld risky profiel,laag durationprofiel,alpha rond nul / geen sterk residueel signaal,0.7437617418973788,0.2536944972569531,0.06435932130254465,0.16615961160808249,0.5056903239615984,0.07191180632769786,0.2536944972569531,0.06435932130254465,0.15648632191506742,0.47625062467912105,0.06772532726564655,0.23892520198874634,0.06061252415141875,0.0035203923437836515,1.0,0.9547865463707875,40,equity (positief),0.019820943846813315,0.0005861379637990052,0.0034287199561334482,0.0024569817917544745,0.0007849612142503863
Kring Forward (Unilever),gemiddeld risky profiel,gemiddeld durationprofiel,alpha rond nul / geen sterk residueel signaal,0.7380129276698818,0.35716955404541784,0.08993008885780879,0.245943184156272,0.45116089819314986,0.04090884532045991,0.35716955404541784,0.08993008885780879,0.20752727653317896,0.3806903322061406,0.03451895316634504,0.3013802763670748,0.07588316172726066,0.003337398515822043,1.0,0.9181028989282063,29,equity (positief),0.029338212791241308,0.0008252076312366377,0.0030589954004724327,0.0013977160803893822,0.00109683617413597
PostNL,gemiddeld risky profiel,laag durationprofiel,alpha rond nul / geen sterk residueel signaal,0.7314064471129897,0.22673730696054312,-0.022225513191898028,0.2111833570425159,0.4511788616849874,0.06904422838548636,0.22673730696054312,-0.022225513191898028,0.2154120534924305,0.46021318369502967,0.07042675723411158,0.23127745282447223,0.022670552753955884,0.003522505915630969,1.0,0.9471480363462166,40,equity (positief),0.025191762431380302,0.0005238558378525505,0.003059117197904629,0.00235900640843085,-0.0002710744220007874
Zoetwarenindustrie,gemiddeld risky profiel,gemiddeld durationprofiel,alpha rond nul / geen sterk residueel signaal,0.7298608017484441,0.47652598614749164,-0.030650026709668793,0.26934374831597285,0.42861082746060297,0.031906225971868346,0.47652598614749164,-0.030650026709668793,0.21773300934608464,0.3464818689306784,0.025792462758710034,0.3852156868099507,0.02477697215457627,-0.0011019146715880446,1.0,0.945832984642023,40,equity (positief),0.03212963282228465,0.0011009697657529643,0.0029060996975703223,0.0010901272024687002,-0.0003738243613497698
Loodsen,gemiddeld risky profiel,laag durationprofiel,alpha rond nul / geen sterk residueel signaal,0.7294810702412364,0.25153107914498396,-0.11137246074758558,0.2920739379476667,0.4071519704645531,0.03025516182901661,0.25153107914498396,-0.11137246074758558,0.26737280554683995,0.3727185157017922,0.027696437269754893,0.23025871731584902,0.10195352416576392,-0.007810147885650709,1.0,0.9594296898746102,40,equity (positief),0.034841084828924423,0.0005811395838549927,0.0027606027249532285,0.0010337159573176665,-0.0013583589797585656
Kring Eastman (Stap),gemiddeld risky profiel,gemiddeld durationprofiel,alpha rond nul / geen sterk residueel signaal,0.7269650948332073,0.45565917235070735,-0.08055974071340163,0.23560235439419575,0.4418831416932364,0.04947959874577516,0.45565917235070735,-0.08055974071340163,0.18651467475936237,0.34981692210368526,0.039170539237698566,0.3607227209194907,0.06377514297976317,-0.00879222738069707,1.0,0.9518554007699713,33,equity (positief),0.028104669910032506,0.0010527588984221203,0.0029960896509413897,0.0016905495688384967,-0.0009825503223196324
YARA Nederland,gemiddeld risky profiel,laag durationprofiel,alpha rond nul / geen sterk residueel signaal,0.7222367933466958,0.1257698894375247,-0.19351376487638636,0.3175201551562233,0.31218141401811833,0.0925352241723542,0.1257698894375247,-0.19351376487638636,0.30486214252386085,0.29973623150589046,0.08884628658054732,0.12075604441566229,0.18579929497403913,-0.01049908987995396,1.0,0.972099667595204,40,equity (positief),0.03787652790394953,0.0002905798418933437,0.002116676142411545,0.0031616138225111284,-0.0023601989079012568
Werk en (re)Integratie,gemiddeld risky profiel,laag durationprofiel,alpha rond nul / geen sterk residueel signaal,0.7204326620574452,0.1851849957191795,-0.18354091560386296,0.342313353950612,0.320569810936872,0.05754949716996112,0.1851849957191795,-0.18354091560386296,0.314291566275931,0.2943279507426545,0.05283849255424878,0.170025743032449,0.1685162473947167,-0.006460046793944074,1.0,0.9496069281246841,40,equity (positief),0.040834073340716516,0.00042785301806144113,0.002173551788538171,0.0019662705457136965,-0.0022385646253130945
Kring Arcadis (Hnp),gemiddeld risky profiel,gemiddeld durationprofiel,alpha rond nul / geen sterk residueel signaal,0.7190483912799646,0.37460363268006974,-0.12703956556755355,0.2946210356676086,0.3757630532839479,0.048664302328408154,0.37460363268006974,-0.12703956556755355,0.24135583319749754,0.307828002181427,0.039866173197147546,0.30687819584719406,0.10407179557673395,-0.004725993206107115,1.0,0.9655661489356944,26,equity (positief),0.035144924494837915,0.0008654874775167743,0.002547777203801406,0.0016626936637423979,-0.0015494434936156733
Oak,gemiddeld risky profiel,gemiddeld durationprofiel,alpha rond nul / geen sterk residueel signaal,0.7172245792048801,0.516675879781805,-0.15070001100917402,0.299147346151863,0.3754166368185162,0.04266059623450088,0.516675879781805,-0.15070001100917402,0.2160531883632523,0.2711371583021628,0.0308107624971617,0.37315882160819297,0.10884006922923023,-0.009299445598967448,1.0,0.9584992274724132,40,equity (positief),0.035684861637645275,0.0011937324277579168,0.0025454284045622715,0.0014575674499944615,-0.001838019128157442
Huntsman Rozenburg,gemiddeld risky profiel,gemiddeld durationprofiel,alpha rond nul / geen sterk residueel signaal,0.7088000071648677,0.3244450885255292,-0.010000176814439932,0.27413308049034024,0.398227363781617,0.03643956289291045,0.3244450885255292,-0.010000176814439932,0.26276954012180226,0.38171978754858976,0.0349290467479607,0.31099598251381,0.009585643067837211,-0.002293578477990499,1.0,0.9668294643364639,40,equity (positief),0.03270094544857906,0.0007496007426614755,0.0027000914286430607,0.001245015903499683,-0.00012196758412166418
Notariaat,gemiddeld risky profiel,hoog duration/rentegevoelig,alpha rond nul / geen sterk residueel signaal,0.6987203135692004,0.5425758497864791,-0.03485225452659385,0.21565215061954976,0.47725442432943965,0.0058137386202109995,0.5425758497864791,-0.03485225452659385,0.16898673194879438,0.37398034401157493,0.004555691594131903,0.4251667299692821,0.027310502476216702,-0.0020130977427258445,1.0,0.9619582143148271,40,equity (positief),0.025724838464094617,0.0012535719427853912,0.0032359167089295437,0.00019863567140541183,-0.00042507701260480755
AHOLD,gemiddeld risky profiel,gemiddeld durationprofiel,alpha rond nul / geen sterk residueel signaal,0.6984712161877467,0.5344600560771106,0.020663145598148552,0.19678641942918013,0.4715898574116873,0.03009493934687924,0.5344600560771106,0.020663145598148552,0.15697774066722528,0.3761901382869936,0.02400691875940377,0.426342083580909,0.01648311870546846,0.0024602805455524734,1.0,0.9508244477138007,40,equity (positief),0.023474372210987405,0.0012348211427055456,0.0031975093819283144,0.0010282417001498333,0.0002520189388372856
MSD,gemiddeld risky profiel,hoog duration/rentegevoelig,alpha rond nul / geen sterk residueel signaal,0.6944139095126061,0.5572841559248822,0.01627125910851973,0.3351068458432723,0.31729751788118393,0.04200954578814971,0.5572841559248822,0.01627125910851973,0.2642862404918638,0.25024068937534527,0.03313135812902342,0.4395091782874289,0.012832533716338603,0.0005168765845480205,1.0,0.9411524155011908,40,equity (positief),0.039974419233772054,0.0012875541406813281,0.002151364738537969,0.0014353232709940192,0.00019845310747087247
Avery Dennison,gemiddeld risky profiel,hoog duration/rentegevoelig,alpha rond nul / geen sterk residueel signaal,0.6942852605901796,0.5979355295520786,-0.04501055594045744,0.2282768994870761,0.4410283708818052,0.024979990221298307,0.5979355295520786,-0.04501055594045744,0.17070860637225582,0.3298070839976593,0.018680380395265688,0.4471444161877228,0.03365951304709639,0.005715277086272286,1.0,0.9382774251706827,40,equity (positief),0.027230826808443805,0.0013814754264053306,0.0029902940689414915,0.0008534812886252748,-0.0005489731701646994
IKEA,gemiddeld risky profiel,hoog duration/rentegevoelig,alpha rond nul / geen sterk residueel signaal,0.6920300181981272,0.6918052402196703,-0.009890099497230048,0.30637529388627543,0.38971367193491485,-0.0040589476230630805,0.6918052402196703,-0.009890099497230048,0.2191863885382039,0.2788081611668195,0.0,0.49492989546291494,0.007075554832061703,0.003450806272329743,1.0,0.9077954330712196,40,equity (positief),0.036547073247223456,0.0015983528189700445,0.002642366248326233,-0.00013868043250236006,-0.00012062502141544313
Bibliotheken openbare,gemiddeld risky profiel,gemiddeld durationprofiel,alpha rond nul / geen sterk residueel signaal,0.6858121095721936,0.3859207133713014,-0.04254950169184127,0.2761537497059869,0.37111704095110554,0.038541318915101146,0.3859207133713014,-0.04254950169184127,0.247831042098206,0.33305476785029187,0.034588468346847645,0.3463401553081254,0.03818556639652895,0.004396484982176041,1.0,0.9519756973884862,40,equity (positief),0.03294198820661574,0.0008916345587669797,0.0025162759579850664,0.0013168257569985775,-0.0005189568167875634
Rail & Openbaar Vervoer,gemiddeld risky profiel,laag durationprofiel,alpha rond nul / geen sterk residueel signaal,0.6826861492025709,0.28512070713132737,-0.10797885901364823,0.2697624923878361,0.4134182452813165,-0.0004945884665816282,0.28512070713132737,-0.10797885901364823,0.25064334210321443,0.3841176353559966,0.0,0.26491305854145525,0.10032596399933376,0.004088054963089949,1.0,0.9355484736595074,40,equity (positief),0.032179584207306926,0.0006587453512861261,0.0028030897975682163,-1.6898405405994887e-05,-0.0013169687711012787
Vopak,gemiddeld risky profiel,laag durationprofiel,alpha rond nul / geen sterk residueel signaal,0.6814640579378017,0.29773132548537407,-0.026655630715196582,0.234090964949102,0.4198859201757234,0.02748717281297633,0.29773132548537407,-0.026655630715196582,0.23272926274238337,0.4174434526324003,0.027327280508358656,0.2959994286434312,0.02650057547342656,-0.0017726561384248107,1.0,0.9543428852580325,40,equity (positief),0.027924378411804115,0.0006878810331562803,0.002846942418291725,0.0009391431888184847,-0.0003251065398041001
Kring D (De Nationale),gemiddeld risky profiel,gemiddeld durationprofiel,"negatieve alpha-puntinschatting, niet significant na Holm",0.6805904278337803,0.3928983364109729,-0.1464820342825466,0.23542268302255137,0.3899953478551153,0.05517239695611362,0.3928983364109729,-0.1464820342825466,0.1929740312692273,0.3196759695608306,0.045224358667203785,0.32205552533328186,0.12007011516945643,-0.024724230880728948,1.0,0.935473894813262,18,equity (positief),0.02808323716754005,0.000907755719473464,0.0026442760888016996,0.0018850531178551304,-0.0017865743946518014
Brocacef,gemiddeld risky profiel,gemiddeld durationprofiel,alpha rond nul / geen sterk residueel signaal,0.674079178499345,0.37416951967272805,-0.16859339591927663,0.27781455418278395,0.33868575246388294,0.057578871852678126,0.37416951967272805,-0.16859339591927663,0.22830781046429519,0.27833171954557434,0.0473182774759891,0.30749225514928535,0.13854993736485594,-0.006609196324032118,1.0,0.9529440074937772,40,equity (positief),0.03314010321155915,0.0008644844990646079,0.0022963828717022738,0.0019672741786949813,-0.0020562565623288985
Pensioenkring Ballast Nedam (Stap),gemiddeld risky profiel,gemiddeld durationprofiel,alpha rond nul / geen sterk residueel signaal,0.6734736694264548,0.3347340183569545,-0.17205211989780383,0.24852443154162127,0.4212803328487023,0.0036689050361312496,0.3347340183569545,-0.17205211989780383,0.2105675631112802,0.3569386419049268,0.003108557126366381,0.28361045269734864,0.145774785160078,0.0010695696440261582,1.0,0.981833576999142,24,equity (positief),0.029646126122192144,0.0007733723752600109,0.002856396921042486,0.00012535400415854573,-0.0020984410372269315
Kring CK1 (Hnp),gemiddeld risky profiel,hoog duration/rentegevoelig,alpha rond nul / geen sterk residueel signaal,0.6689644753714021,0.6917585836481599,0.01730861759074498,0.21708746349670424,0.4044791763945615,0.047397835480136465,0.6917585836481599,0.01730861759074498,0.15753445089934193,0.29351950558168777,0.03439531636654829,0.5019903354832547,0.012560391669167469,-0.00578006153181998,1.0,0.9502202213363515,32,equity (positief),0.025896054896688298,0.0015982450232231182,0.0027424804435248985,0.0016194227998193801,0.0002111052945564481
Verloskundigen,gemiddeld risky profiel,hoog duration/rentegevoelig,alpha rond nul / geen sterk residueel signaal,0.6679834489056206,0.5838400026699674,0.046845712979298154,0.19774888726604106,0.45261775701878887,0.01761680462079066,0.5838400026699674,0.046845712979298154,0.152270410866203,0.348524296543163,0.013565275207584339,0.4495679258466696,0.03607209153638013,-0.004659770647091888,1.0,0.9158261317512671,40,equity (positief),0.02358918363094776,0.0013489089990106253,0.0030688733053720265,0.0006019062848308293,0.0005713557414596456
Roeiers in het Rotterdamse havengebied,gemiddeld risky profiel,laag durationprofiel,alpha rond nul / geen sterk residueel signaal,0.6677313234486663,0.1971751030300012,-0.09873555122641903,0.23272269300304502,0.45153777447630683,-0.016529144030685613,0.1971751030300012,-0.09873555122641903,0.23743067699333917,0.46067239124193393,0.0,0.20116395867777292,0.10073297308695399,0.007287678656517915,1.0,0.9646932170000656,40,equity (positief),0.02776115919657187,0.0004555550658428656,0.0030615507256820007,-0.0005647446224840481,-0.0012042323724334666
Mediahuis Nederland,gemiddeld risky profiel,gemiddeld durationprofiel,alpha rond nul / geen sterk residueel signaal,0.6619411583694662,0.39196384892400715,0.01801086660370907,0.24156762382576819,0.3939581801858368,0.026415354357861215,0.39196384892400715,0.01801086660370907,0.22536061803758606,0.36752714441434337,0.024643122656466006,0.365666614767946,0.016802500123658644,0.0006462802594331407,1.0,0.9656582318646347,40,equity (positief),0.028816258419959898,0.0009055966714896562,0.0026711451856606446,0.0009025227983323409,0.0002196703046710068
Cap Gemini Nederland,gemiddeld risky profiel,hoog duration/rentegevoelig,alpha rond nul / geen sterk residueel signaal,0.6612801063879943,0.6189121908038246,-0.02954578626655885,0.21847931852832342,0.4374343487278374,0.005366439131833545,0.6189121908038246,-0.02954578626655885,0.1668114574109553,0.3339861261213289,0.004097337627736534,0.4725465332500527,0.022558545589926555,0.0001348665155702644,1.0,0.9400205435169721,40,equity (positief),0.026062087304670203,0.0014299400862475453,0.002965925606864628,0.0001833529695164287,-0.0003603564455684128
Kring Sligro (Achmea),gemiddeld risky profiel,hoog duration/rentegevoelig,"positieve alpha-puntinschatting, niet significant na Holm",0.6600718347327785,0.6316172219295387,-0.18811740136069963,0.17458796482558916,0.5305281354383251,-0.04504426553113577,0.6316172219295387,-0.18811740136069963,0.11449511885245792,0.347921358624377,0.0,0.4142157735003415,0.12336774902282358,0.02680429578691701,1.0,0.9295856207493152,21,equity (positief),0.020826350119905385,0.001459293900203102,0.003597127172648432,-0.0015390093210650864,-0.0022943819295354138
Kring Bavaria (Achmea),gemiddeld risky profiel,gemiddeld durationprofiel,alpha rond nul / geen sterk residueel signaal,0.6600351469715998,0.43063099834103774,0.06950353739713633,0.1395812266847538,0.4916257286364464,0.028828191650399577,0.43063099834103774,0.06950353739713633,0.12031104481090912,0.4237532974385012,0.024848254595884998,0.37117932381686247,0.05990807933784219,0.0002178881778669428,1.0,0.9429759870159589,31,equity (positief),0.016650446094646797,0.0009949335884124337,0.0033333581183025308,0.000984961240598942,0.0008477028658131011
Geveke,gemiddeld risky profiel,laag durationprofiel,alpha rond nul / geen sterk residueel signaal,0.6549019775899334,0.057711603551022415,-0.0249021567718081,0.14580307587438063,0.4731957806645095,0.03590312105104316,0.057711603551022415,-0.0249021567718081,0.19769486721329702,0.641607705896143,0.04868115920163579,0.07825135191603023,0.03376491577289381,-0.00833586241662121,1.0,0.9394890323350586,40,equity (positief),0.017392641639144175,0.00013333738870461296,0.0032083979847827926,0.0012266875106375014,-0.00030372021987558004
Delta Lloyd,gemiddeld risky profiel,hoog duration/rentegevoelig,alpha rond nul / geen sterk residueel signaal,0.6543709453118656,0.5511863099251487,0.1432700968126221,0.14481780618823595,0.4898141323609138,0.019739006762715818,0.5511863099251487,0.1432700968126221,0.10736570990214223,0.3631407174658842,0.014634198166815812,0.40864111265803066,0.10621826180712696,0.004456527364217644,1.0,0.9493057721973265,32,equity (positief),0.01727511021899917,0.0012734656244679724,0.0033210749955927374,0.0006744147126871899,0.001747399861958453
TDV,gemiddeld risky profiel,laag durationprofiel,alpha rond nul / geen sterk residueel signaal,0.6526771876498264,0.1797899192959135,-0.14233467121806487,0.31717186273980735,0.23503637672789418,0.1004689481821249,0.1797899192959135,-0.14233467121806487,0.3253706238998162,0.24111196962588932,0.10306602884062671,0.18443741417314258,0.14601396346052528,-0.007667172371012443,1.0,0.9477396501001719,40,equity (positief),0.0378349805967475,0.0004153881867644884,0.0015936114992095977,0.0034326821828855486,-0.0017359909036959377
UWV,gemiddeld risky profiel,gemiddeld durationprofiel,alpha rond nul / geen sterk residueel signaal,0.6488988739119522,0.35487027138891825,0.0806464122619954,0.15390527816365454,0.46457976959724917,0.03041382615104846,0.35487027138891825,0.0806464122619954,0.14192463128207408,0.4284148879617272,0.028046283492465757,0.3272456475877751,0.07436854967595773,0.00546139693993819,1.0,0.9368184551982126,40,equity (positief),0.018359141831681993,0.0008198953486721719,0.003149979051912672,0.0010391369774552619,0.0009836074155681039
Abbott Nederland,gemiddeld risky profiel,hoog duration/rentegevoelig,alpha rond nul / geen sterk residueel signaal,0.6454373348854623,0.757236510767906,-0.05425820143187082,0.18917807651369992,0.4607666477099615,-0.004507389338199122,0.757236510767906,-0.05425820143187082,0.12944640181373027,0.31528275221420715,0.0,0.5181442979403108,0.03712654803175163,0.008588212214577284,1.0,0.919542091047638,40,equity (positief),0.022566783801050982,0.0017495257931677479,0.0031241250331770763,-0.00015400216039404316,-0.0006617624738270727
KLM-Cabinepersoneel,gemiddeld risky profiel,gemiddeld durationprofiel,alpha rond nul / geen sterk residueel signaal,0.645218599956719,0.3051018343323437,-0.1709715263683372,0.3589026599156947,0.24038861247570675,0.0459273275653176,0.3051018343323437,-0.1709715263683372,0.32007958008124343,0.21438538838249568,0.04095929443602803,0.27209847661216285,0.1524772604880701,-0.012087933307874166,1.0,0.9520318909689992,40,equity (positief),0.04281298806499428,0.0007049099206348674,0.0016299011346819373,0.0015691805467618431,-0.0020852615320389595
SNS Reaal Groep,gemiddeld risky profiel,hoog duration/rentegevoelig,alpha rond nul / geen sterk residueel signaal,0.644870196833872,0.5882055781464517,0.05535088260874949,0.1507689896750506,0.5066580243297402,-0.012556817170918742,0.5882055781464517,0.05535088260874949,0.11588847406602515,0.3894423212586997,0.0,0.4521237890857646,0.04254541558951065,-0.0034228446868808104,1.0,0.9353234854209372,39,equity (positief),0.017985018436601777,0.0013589952624032669,0.0034352812316939775,-0.0004290237267959468,0.0006750894065235695
Waterbouw BPF,gemiddeld risky profiel,laag durationprofiel,alpha rond nul / geen sterk residueel signaal,0.6448365414011897,0.16699710584096256,-0.24214520327233785,0.40797420606562584,0.21091447958186263,0.02594785575370124,0.16699710584096256,-0.24214520327233785,0.3870800688898804,0.2001126298491726,0.024618952971432993,0.15844445622361816,0.22974389206589568,-0.003088298024291003,1.0,0.956106879085195,39,equity (positief),0.048666663042330235,0.0003858315597551497,0.0014300583794337137,0.0008865499613706683,-0.00295333432576216
Personeelspensioenfonds APG,gemiddeld risky profiel,gemiddeld durationprofiel,alpha rond nul / geen sterk residueel signaal,0.6398326337520215,0.3241488493185691,-0.13275586441897572,0.34440686175676216,0.16057181595366066,0.1348539560415986,0.3241488493185691,-0.13275586441897572,0.31402857078325097,0.14640863313464234,0.12295920837407384,0.2955574094932997,0.12104617821473311,-0.015682394226220975,1.0,0.9288659192858126,40,equity (positief),0.041083804910662894,0.0007489163090318836,0.0010887212265400436,0.004607500930103158,-0.0016191625769841457
"Schilders-, Afwerkings- en Glaszetbedrijf",gemiddeld risky profiel,gemiddeld durationprofiel,alpha rond nul / geen sterk residueel signaal,0.6386515554875517,0.3369298846064718,-0.02995812658665652,0.38287322230272086,0.15138853996408463,0.10438979322074612,0.3369298846064718,-0.02995812658665652,0.3807639549844849,0.15055453308895972,0.10381470474139606,0.335073721383922,0.029793085801237348,-0.008794935873440712,1.0,0.9358562371134818,39,equity (positief),0.04567240237423349,0.0007784457236620592,0.0010264560809436817,0.0035666441198765925,-0.00036538557191402365
Huisartsen,gemiddeld risky profiel,laag durationprofiel,alpha rond nul / geen sterk residueel signaal,0.6327368963224402,0.297388881481597,-0.025244258089433147,0.21656157436626236,0.3874177734465786,0.028757548509599298,0.297388881481597,-0.025244258089433147,0.22667821496383028,0.4055159350735363,0.03010095295976599,0.3112813572842237,0.02642353971864367,-0.009679907895424833,1.0,0.9389917072315699,40,equity (positief),0.02583332232995166,0.0006870898475639268,0.0026267994229566163,0.0009825476047924974,-0.00030789267322413636
Philips,gemiddeld risky profiel,gemiddeld durationprofiel,alpha rond nul / geen sterk residueel signaal,0.6321923472788757,0.4287003653224939,-0.11254309049714123,0.2832478677954807,0.30056036873426906,0.04838411074912591,0.4287003653224939,-0.11254309049714123,0.24138335224436802,0.25613703616390915,0.041232857069270816,0.36533772379408486,0.09590903072836712,-0.012640277887044027,1.0,0.9597467437996439,40,equity (positief),0.03378823546811138,0.0009904730371645039,0.0020378822482280162,0.0016531204706374675,-0.001372636615554773
Betonproduktenindustrie,gemiddeld risky profiel,hoog duration/rentegevoelig,alpha rond nul / geen sterk residueel signaal,0.6257976242243722,0.6842058236438843,-0.09240302735436726,0.2351429145476206,0.3694414608773061,0.021213248799445493,0.6842058236438843,-0.09240302735436726,0.16767101314923197,0.26343393830854883,0.01512631977549734,0.4878798235263928,0.065888905240329,-0.005872633873765354,1.0,0.954579490416518,40,equity (positief),0.028049863983900265,0.0015807950610921505,0.0025049150626605754,0.0007247845479876377,-0.001126997474251301
Rijn- en Binnenvaart,gemiddeld risky profiel,gemiddeld durationprofiel,alpha rond nul / geen sterk residueel signaal,0.6217698813337165,0.492124276411148,-0.056987312534650864,0.2948423110779493,0.2623607475332676,0.06456682272249958,0.492124276411148,-0.056987312534650864,0.2518122615840559,0.22407114143725945,0.055143773611077855,0.42030238662301744,0.0486704367445893,0.0005478816887696247,1.0,0.9362348644417726,40,equity (positief),0.0351713201239598,0.0011370081906803494,0.0017788782742098022,0.0022060286882199798,-0.0006950481940880434
Lloyd's Register Nederland,gemiddeld risky profiel,gemiddeld durationprofiel,alpha rond nul / geen sterk residueel signaal,0.6212030958049766,0.39041761514011875,-0.20293657217145222,0.37396938427645915,0.1785782122580986,0.06865549927041877,0.39041761514011875,-0.20293657217145222,0.3079059254552866,0.14703152724082955,0.056527180911755036,0.32144849861532193,0.16708686777680673,-0.008175122721382322,1.0,0.9622588332863815,40,equity (positief),0.044610276194281165,0.0009020242395628903,0.0012108095628629717,0.002345724856952452,-0.0024751245799917404
Kring DB evenwicht (Achmea),gemiddeld risky profiel,gemiddeld durationprofiel,alpha rond nul / geen sterk residueel signaal,0.6194910822125226,0.3629869247498341,-0.13244341236277948,0.2186571998703343,0.35383370186981333,0.047000180472374926,0.3629869247498341,-0.13244341236277948,0.19611893365784278,0.3173620093189971,0.04215559918189052,0.3255717564109143,0.11879170143035525,-0.017029206054583135,1.0,0.9754970019590465,17,equity (positief),0.02608330651707249,0.000838648134898398,0.0023990901491833384,0.001605836280951841,-0.0016153517421203989
Sagittarius,gemiddeld risky profiel,laag durationprofiel,alpha rond nul / geen sterk residueel signaal,0.6184687046990883,0.1901122096733354,-0.14749659532490791,0.32183891684733323,0.25648889829626387,0.04014088955549117,0.1901122096733354,-0.14749659532490791,0.3366242941424475,0.26827207595068453,0.041984974176621614,0.19884602215307814,0.1542726335771682,-0.012056162569415219,1.0,0.8875004024647741,40,equity (positief),0.03839170684628581,0.00043923689585744174,0.0017390655158785778,0.0013714776443417215,-0.0017989485317872653
IFF,gemiddeld risky profiel,gemiddeld durationprofiel,alpha rond nul / geen sterk residueel signaal,0.6164153277607031,0.5020407142557999,0.09361309392921105,0.10598769000186772,0.4752036942638357,0.03522394349499965,0.5020407142557999,0.09361309392921105,0.0874436010774015,0.39205989177594164,0.029061001926689818,0.41420138453082866,0.07723412068913847,0.010743390022795563,1.0,0.9207116599524457,39,equity (positief),0.01264312086221974,0.0011599192145663605,0.0032220121931272735,0.001203482323982018,0.0011417561029734415
Detailhandel,gemiddeld risky profiel,hoog duration/rentegevoelig,alpha rond nul / geen sterk residueel signaal,0.6146401289015212,0.704368783324631,0.0425317579510302,0.2061130069189771,0.3901925116201657,0.018334610362378406,0.704368783324631,0.0425317579510302,0.15138218889352373,0.2865816057991044,0.01346607616208222,0.5173321655040748,0.031237963641214908,0.013474337076509135,1.0,0.9204387396096243,40,equity (positief),0.024586927573440272,0.0016273797377769753,0.002645612913541708,0.000626431265180525,0.0005187404044940446
"Vlakglas, Verf, het Glasbewerkings- en het Glazeniersbedrijf",gemiddeld risky profiel,hoog duration/rentegevoelig,alpha rond nul / geen sterk residueel signaal,0.6128426446253539,0.6146767459811834,0.0182512060932353,0.16679982561499967,0.45394191270524886,-0.00789909369489461,0.6146767459811834,0.0182512060932353,0.13304926081645116,0.3620905220755106,0.0,0.49030199157776333,0.01455822553027476,0.005961683623010083,1.0,0.9201820331282221,40,equity (positief),0.019897314065533973,0.00142015447784465,0.0030778514463647693,-0.0002698851603209331,0.00022260161553185284
Kring McCain (De Nationale),gemiddeld risky profiel,hoog duration/rentegevoelig,alpha rond nul / geen sterk residueel signaal,0.6078497289855375,0.6123690398050465,-0.026719835855085392,0.2320319911777324,0.3649011976111024,0.010916540196702658,0.6123690398050465,-0.026719835855085392,0.18608132775203212,0.2926376617514323,0.008754673370470157,0.49109798792303616,0.021428349203029214,0.0069619912518699145,1.0,0.9142238020716063,31,equity (positief),0.027678766357771164,0.0014148227335074551,0.002474130824700518,0.00037298104250127093,-0.00032588962053814517
Dow,gemiddeld risky profiel,gemiddeld durationprofiel,alpha rond nul / geen sterk residueel signaal,0.6032779483180658,0.43193450123634003,-0.011195402313878194,0.09748734329032094,0.4793585672531341,0.026432037774610756,0.43193450123634003,-0.011195402313878194,0.09316381095216791,0.4580991688826443,0.025259785395740583,0.41277834494948873,0.01069888981995847,-0.002358631961436486,1.0,0.9436738807008322,40,equity (positief),0.011629126587573655,0.0009979452127918333,0.0032501833786504697,0.0009030928139288215,-0.0001365452030330213
Horecabedrijf,gemiddeld risky profiel,hoog duration/rentegevoelig,alpha rond nul / geen sterk residueel signaal,0.6032213371249472,0.674052325907424,0.015396568284263168,0.32143950648262376,0.19500677005927375,0.08677506058304965,0.674052325907424,0.015396568284263168,0.2486631924332513,0.15085577538259842,0.06712853632798978,0.5214418260571188,0.011910669799041608,-0.0009164757488757669,1.0,0.947953016202536,40,equity (positief),0.03834406175170402,0.0015573363319788468,0.001322199718684222,0.0029648086276595938,0.0001877849034313287
Kring Progress (Unilever),gemiddeld risky profiel,laag durationprofiel,alpha rond nul / geen sterk residueel signaal,0.5982240391408153,0.07466633479821046,-0.14047211642323423,0.3420934983043794,0.19265313026031672,0.06347741057611916,0.07466633479821046,-0.14047211642323423,0.4205916825006472,0.23686011162687348,0.07804319885448274,0.0917995797482069,0.17270542726978957,-0.007550106456165606,1.0,0.9372971808244598,29,equity (positief),0.04080784707323667,0.0001725097466289581,0.0013062413912932342,0.0021688071811537344,-0.0017132741744985414
Dierenartsen,gemiddeld risky profiel,gemiddeld durationprofiel,alpha rond nul / geen sterk residueel signaal,0.5936197162423187,0.47580002488417594,0.043490311735304515,0.20954549355144797,0.3770350259719837,0.00703919671888692,0.47580002488417594,0.043490311735304515,0.18828610004250654,0.3387830175515575,0.006325036511967822,0.4275278344918146,0.03907801140215338,0.000937840468578921,1.0,0.9547396154483271,40,equity (positief),0.024996384024010315,0.001099292498562396,0.0025564015296634453,0.0002405054058588084,0.0005304314467113981
Zorgverzekeraars,gemiddeld risky profiel,gemiddeld durationprofiel,alpha rond nul / geen sterk residueel signaal,0.5931928827620123,0.5351761690987686,0.03724091456714479,0.08917932245500718,0.4580834476093486,0.04593011269765658,0.5351761690987686,0.03724091456714479,0.07650871648627199,0.39299891113077035,0.039404358250652124,0.4591382919784434,0.031949722153862124,0.007815945580533334,1.0,0.9330124727058456,38,equity (positief),0.010638074593282048,0.0012364756564332891,0.0031059321959892934,0.0015692757052593689,0.00045421040692772294
Kring 3 - Stabiliteit (Achmea),gemiddeld risky profiel,hoog duration/rentegevoelig,alpha rond nul / geen sterk residueel signaal,0.5880325964527132,0.9981583066296001,0.1858107783130018,0.08356600508213845,0.44309444276392973,0.06137214860664511,0.9981583066296001,0.1858107783130018,0.047159100332419907,0.2500530600033217,0.03463436251274844,0.5632942209420632,0.10485925620944676,-0.005919343922306752,1.0,0.8769763099674284,31,equity (positief),0.009968469944082441,0.0023061535970343243,0.0030043026064937835,0.002096877541362742,0.0022662491029037065
Grolsche bierbrouwerij,gemiddeld risky profiel,gemiddeld durationprofiel,alpha rond nul / geen sterk residueel signaal,0.5858654453115338,0.523518599334896,0.07618561959477307,0.16537613340677557,0.3276949410421263,0.09279437086263198,0.523518599334896,0.07618561959477307,0.13949086114026107,0.27640294022862005,0.07826985934396603,0.4415755692179947,0.06426077006915824,-0.007480490946463414,1.0,0.928732912397347,39,equity (positief),0.019727483846016396,0.0012095419062805592,0.00222186213703475,0.003170467983349537,0.0009292011670602655
Fysiotherapeuten,gemiddeld risky profiel,gemiddeld durationprofiel,alpha rond nul / geen sterk residueel signaal,0.5837578080813711,0.38610428451009826,0.012646770201896307,0.19721243066660538,0.3438429860024537,0.04270239141231198,0.38610428451009826,0.012646770201896307,0.20072330961566268,0.34996425887179844,0.04346260174275176,0.3929779151430423,0.012871914626744783,-0.00039680199851732656,1.0,0.9418182670497404,40,equity (positief),0.02352519048585816,0.0008920586831160297,0.002331350338379531,0.0014589954490409195,0.00015424687353925878
Kas Bank,gemiddeld risky profiel,hoog duration/rentegevoelig,alpha rond nul / geen sterk residueel signaal,0.5812849522296408,0.5431520414616534,-0.10546628747495912,0.233648567518509,0.38998513165023674,-0.04234874693910487,0.5431520414616534,-0.10546628747495912,0.18364959328574162,0.30653134994880205,0.0,0.4269217336367835,0.08289732312867273,-0.005279333235062467,1.0,0.9476088725737929,40,equity (positief),0.027871605451245916,0.001254903181022311,0.0026442068201131697,-0.00144691262042353,-0.0012863240848929054
ABP,gemiddeld risky profiel,laag durationprofiel,alpha rond nul / geen sterk residueel signaal,0.5744327597935315,0.17816047675073807,-0.1282790771510437,0.3492137556041871,0.12216050606367168,0.10305849812567269,0.17816047675073807,-0.1282790771510437,0.3964408350390921,0.13868128690661294,0.1169959556264585,0.20225459919763394,0.14562732323020247,-0.006477997580488948,1.0,0.9273442787693864,40,equity (positief),0.04165721244396967,0.00041162350859494476,0.0008282819447889604,0.0035211582952938826,-0.0015645612496448277
Media PNO,gemiddeld risky profiel,laag durationprofiel,alpha rond nul / geen sterk residueel signaal,0.5642128651168213,0.24502564952218414,-0.14302371640252343,0.3397626436268293,0.21208685834586555,0.012363363144126591,0.24502564952218414,-0.14302371640252343,0.35679525297902104,0.22271896483166964,0.012983149747107228,0.25730900747180674,0.1501936249703954,0.0009472472786713482,1.0,0.9569566926797433,40,equity (positief),0.04052980273242674,0.0005661093829086808,0.001438007431005025,0.00042241406079473516,-0.0017443948727515373
Ecolab,gemiddeld risky profiel,gemiddeld durationprofiel,alpha rond nul / geen sterk residueel signaal,0.5628827662219388,0.4438977068812243,-0.0544968386500671,0.3027252852811662,0.2648582531519996,-0.004700772211227035,0.4438977068812243,-0.0544968386500671,0.2839882825313883,0.24846500799244461,0.0,0.41642292046974694,0.05112378900642032,0.0014662514294452311,1.0,0.929792021010458,40,equity (positief),0.036111668909778946,0.0010255851067312715,0.0017958120515627423,-0.00016060939531318248,-0.0006646730228628545
Kring DB-A (De Nationale),gemiddeld risky profiel,gemiddeld durationprofiel,alpha rond nul / geen sterk residueel signaal,0.5589505761209147,0.539500567052212,0.05869633872660454,0.15463944936917218,0.3882589289822296,0.016052197769512992,0.539500567052212,0.05869633872660454,0.13363849620559595,0.3355310667442413,0.013872214234230119,0.46623319455052886,0.050725028265403656,0.019571757220232522,1.0,0.8626100328131094,32,equity (positief),0.018446720071048823,0.001246466782920044,0.002632502689629201,0.0005484489912214088,0.0007158924051156173
Bouwmaterialen,gemiddeld risky profiel,hoog duration/rentegevoelig,alpha rond nul / geen sterk residueel signaal,0.5542956385869512,0.5958148137527338,0.07096572968838287,0.20204614181671493,0.31376426976662347,0.03848522700361277,0.5958148137527338,0.07096572968838287,0.16546563170296175,0.25695716154703546,0.03151746596161855,0.48794237617767106,0.05811736461071324,-0.001080736788994785,1.0,0.9423114322594818,40,equity (positief),0.024101797017077185,0.001376575706254265,0.002127408341220617,0.0013149092871971707,0.0008655365566161621
DHL Nederland,gemiddeld risky profiel,gemiddeld durationprofiel,alpha rond nul / geen sterk residueel signaal,0.5451392217031124,0.3164741904232176,-0.01781896069500416,0.2895854276647839,0.20930622432482088,0.04624756971350752,0.3164741904232176,-0.01781896069500416,0.3292867497426277,0.23800150050576277,0.052587977362192465,0.35986188387394363,0.020261888515473458,-0.001040372862079475,1.0,0.9276394590311866,40,equity (positief),0.034544233975086505,0.0007311847106471656,0.001419153964947044,0.0015801221315618333,-0.00021732971604965237
Lanschot,gemiddeld risky profiel,gemiddeld durationprofiel,alpha rond nul / geen sterk residueel signaal,0.5426771931378916,0.5020626764973798,0.011829895902481014,0.21911309880011376,0.2778438892133197,0.04572020512445817,0.5020626764973798,0.011829895902481014,0.2073815719008331,0.2629678590811352,0.04327230119176124,0.47518175597410706,0.01119651185216346,-0.012837488455905599,1.0,0.9545411602718477,40,equity (positief),0.02613769005227414,0.0011599699563195295,0.0018838582478152841,0.001562103877549331,0.00014428383121715756
KLM Vliegend Personeel,gemiddeld risky profiel,laag durationprofiel,alpha rond nul / geen sterk residueel signaal,0.5336710280046886,0.139631388700512,-0.1583707642408228,0.3684910223108367,0.11603996595052557,0.04914003974332637,0.139631388700512,-0.1583707642408228,0.44307190703405913,0.13952592028822042,0.059085757325287154,0.167892138281629,0.1904242770708044,-0.006072687325098469,1.0,0.8940460030241273,40,equity (positief),0.04395677018375172,0.0003226055698498302,0.0007867829936841476,0.0016789479928407923,-0.0019315757979461903
Levensmiddelenbedrijf,gemiddeld risky profiel,hoog duration/rentegevoelig,alpha rond nul / geen sterk residueel signaal,0.5294235511535912,0.6541242352440968,0.037338289229217614,0.26752256239854433,0.20100449413412547,0.060896494620921365,0.6541242352440968,0.037338289229217614,0.2191216426652878,0.1646382067474337,0.04987893288049172,0.5357782747323204,0.030582942974466308,-0.01659112951277708,1.0,0.9417797551038413,40,equity (positief),0.03191238614329565,0.0015112942987061506,0.0013628659431548088,0.0020806260627561123,0.00045539804115740337
ABN AMRO Bank,gemiddeld risky profiel,hoog duration/rentegevoelig,alpha rond nul / geen sterk residueel signaal,0.524782235193204,0.607614997081135,0.15576068433100385,0.08518433382136503,0.4121921695871967,0.02740573178464227,0.607614997081135,0.15576068433100385,0.06612879734951257,0.3199857441962074,0.021275133608512888,0.4716929417181791,0.12091738312758805,0.009428687926185786,1.0,0.9396754121207209,40,equity (positief),0.010161518078676986,0.0014038389520217075,0.0027947766659915125,0.000936360625927397,0.001899741846719905
Provisum,gemiddeld risky profiel,laag durationprofiel,alpha rond nul / geen sterk residueel signaal,0.523963989496557,0.30153595436211134,-0.09340151493427411,0.2836468337478102,0.22556425850057013,0.014752897248176581,0.30153595436211134,-0.09340151493427411,0.3086803606998352,0.2454716513312195,0.01605492853124404,0.3281483030380703,0.10164475639963091,-0.010528672744201883,1.0,0.9739215157562412,40,equity (positief),0.03383582754937217,0.0006966712806663121,0.0015293879235270468,0.0005040563123837604,-0.0011391755707146432
Tandartsen en Tandarts-Specialisten,gemiddeld risky profiel,gemiddeld durationprofiel,alpha rond nul / geen sterk residueel signaal,0.517258380572089,0.39323079771722896,-0.037079094626252,0.09793417708933401,0.40803321228520983,0.011290991197545067,0.39323079771722896,-0.037079094626252,0.1033531618655832,0.4306108846698019,0.011915754801291364,0.41498940916130334,0.03913078950202021,0.006757866700101589,1.0,0.947583939976086,40,equity (positief),0.011682428756213687,0.0009085238409550014,0.0027665777877011063,0.00038577475938805816,-0.00045223676309925535
Koopvaardij,laag risky/defensiever,gemiddeld durationprofiel,alpha rond nul / geen sterk residueel signaal,0.5158402770612802,0.46262463854680397,0.11057382210657696,0.08369941473854013,0.40640628003334445,0.025734582289395617,0.46262463854680397,0.11057382210657696,0.07685623278578929,0.37317890168552187,0.023630548113834245,0.4248009024156642,0.1015334149991902,0.0012905221984726989,1.0,0.9509930618944316,40,equity (positief),0.009984384192331875,0.0010688519718519147,0.0027555467380350825,0.0008792631326116266,0.0013486183494239722
Recreatie (SPR),laag risky/defensiever,hoog duration/rentegevoelig,alpha rond nul / geen sterk residueel signaal,0.5067779991621312,0.8459290648789135,0.02074324048870746,0.18767448991430066,0.32752804827815823,-0.008424539030327721,0.8459290648789135,0.02074324048870746,0.13581149609092014,0.23701715810554755,0.0,0.6121604057134246,0.015010940090107809,0.006501876098894854,1.0,0.9288455784833808,40,equity (positief),0.022387423093192516,0.0019544418383829706,0.0022207305580362264,-0.00028783783996630906,0.0002529958195948191
Shell,laag risky/defensiever,laag durationprofiel,alpha rond nul / geen sterk residueel signaal,0.5037330926018684,0.20056914129959902,-0.14228698652556765,0.2442640629969383,0.20362563552460528,0.05584339408032482,0.20056914129959902,-0.14228698652556765,0.28852725395408063,0.2405247203855168,0.06596279840671299,0.23691435758942014,0.1680708696642694,-0.01029158567292332,1.0,0.878353863085223,40,equity (positief),0.029137912815278135,0.0004633966812578939,0.0013806380051610179,0.0019079788069831971,-0.0017354093153049133
Trespa,laag risky/defensiever,hoog duration/rentegevoelig,alpha rond nul / geen sterk residueel signaal,0.5028534365155828,0.722949872806209,0.13218522616477318,0.10249340633977677,0.41296903459711976,-0.012609004421313692,0.722949872806209,0.13218522616477318,0.07478008923514164,0.30130583382257964,0.0,0.5274705752461808,0.09644350169609796,8.718144428576657e-05,1.0,0.9053594538015562,40,equity (positief),0.012226292731840475,0.0016703096478525113,0.002800044025156857,-0.00043080678761071503,0.0016122027631164562
Honeywell,laag risky/defensiever,gemiddeld durationprofiel,alpha rond nul / geen sterk residueel signaal,0.5024442520941722,0.4739931973964764,-0.05678104682826865,0.3204379984581768,0.17508206886347033,0.006924184772525106,0.4739931973964764,-0.05678104682826865,0.31013575502162627,0.16945309195222616,0.006701568736132904,0.4587540767854893,0.054955507504525346,0.003883024671041735,1.0,0.9034876326559427,40,equity (positief),0.038224593283268264,0.0010951179886852518,0.0011871047457868663,0.00023657583890067212,-0.0006925324655802973
Cargill,laag risky/defensiever,hoog duration/rentegevoelig,alpha rond nul / geen sterk residueel signaal,0.5014521994514544,0.5654358781106801,0.024181936794036768,0.17413641649968412,0.29648975567940067,0.030826027272369584,0.5654358781106801,0.024181936794036768,0.1596015051357086,0.271742190490274,0.028253023973497878,0.5182397744147865,0.022163505985732978,-0.004547758416081349,1.0,0.954622928662401,39,equity (positief),0.020772485562054847,0.001306387950224305,0.002010282368314189,0.0010532204875399848,0.00029493602612031716
BPL,laag risky/defensiever,gemiddeld durationprofiel,alpha rond nul / geen sterk residueel signaal,0.49483745097508225,0.37675303531319154,-0.06559445130304567,0.2857073628683025,0.12395036418428013,0.08517972392249964,0.37675303531319154,-0.06559445130304567,0.30485697262976247,0.13225816934579404,0.09088891691048942,0.4020050047768514,0.06999093633710278,0.008357470661162658,1.0,0.9341787215975399,40,equity (positief),0.034081625138790796,0.0008704534759770649,0.0008404176768091043,0.002910301401004379,-0.000800025530115259
Rockwool,laag risky/defensiever,hoog duration/rentegevoelig,alpha rond nul / geen sterk residueel signaal,0.48371707135378517,0.5753053411542668,-0.05324952231386229,0.22251777466797829,0.2582822918535186,0.0029170048322882808,0.5753053411542668,-0.05324952231386229,0.20005698939406003,0.23221146175451435,0.0026225644475649946,0.5172344308466067,0.04787455355725403,-0.0025358542387928784,1.0,0.9365954022632057,40,equity (positief),0.026543828996271654,0.0013291904431230702,0.001751225219134888,9.966413201654812e-05,-0.0006494600758334867
Bakkersbedrijf BPF,laag risky/defensiever,gemiddeld durationprofiel,alpha rond nul / geen sterk residueel signaal,0.4783249873339208,0.5255737079928002,0.008877644529858009,0.2604115450669339,0.18138902478322738,0.036524417483759494,0.5255737079928002,0.008877644529858009,0.2571264106582617,0.17910077244588296,0.03606365595875964,0.5189435093509664,0.00876565158612926,-0.00811967873689412,1.0,0.9518408140897099,40,equity (positief),0.031064122995232837,0.0012142900471237943,0.0012298676475072622,0.0012479150962096091,0.00010827657111364094
APF,laag risky/defensiever,laag durationprofiel,alpha rond nul / geen sterk residueel signaal,0.4782312420303987,0.28392193884026984,-0.1914824524066494,0.3015453668509222,0.07539056078274903,0.10129531439672743,0.28392193884026984,-0.1914824524066494,0.3162060606047348,0.07905593934620248,0.10622014411165641,0.29772580735529747,0.2007920485821089,-0.012611425876240867,1.0,0.9611567962435199,40,equity (positief),0.03597091811767401,0.0006559757066435164,0.000511168808283413,0.003460916305295813,-0.002335423918505842
Kring AFM (De Nationale),laag risky/defensiever,hoog duration/rentegevoelig,alpha rond nul / geen sterk residueel signaal,0.47145842584000724,0.817119608021892,0.10883762987371105,0.11877184869677346,0.3380662339328265,0.014620343210407359,0.817119608021892,0.10883762987371105,0.08499392970826537,0.2419224592266974,0.01046241543573646,0.5847362593872357,0.07788493624206506,0.019606340090880137,1.0,0.8718220924367795,28,equity (positief),0.014168124978250974,0.0018878802197317523,0.002292182365087896,0.0004995273918371342,0.001327442806616801
Kappersbedrijf,laag risky/defensiever,hoog duration/rentegevoelig,alpha rond nul / geen sterk residueel signaal,0.44929945426241547,0.9103965495910276,0.1321491488517781,0.15916201451139186,0.2901593471136166,-2.1907362593000593e-05,0.9103965495910276,0.1321491488517781,0.10668645938476383,0.1944941039856642,0.0,0.6102397284310606,0.08857970819851142,0.01363026631655262,1.0,0.9192511383296187,39,equity (positief),0.018986210437329454,0.002103388073437213,0.001967360451181303,-7.485000550686167e-07,0.0016117627446258572
Gasunie,laag risky/defensiever,laag durationprofiel,alpha rond nul / geen sterk residueel signaal,0.44871479444564033,0.29284694282063667,-0.19345024380254092,0.4573926775574351,-0.12121202661925354,0.11253414350745874,0.29284694282063667,-0.19345024380254092,0.4330451440491345,0.0,0.10654382279548866,0.277258366302086,0.18315266685329068,0.000642300210981217,1.0,0.9597646743697901,40,equity (positief),0.054561722250490115,0.000676596113142329,-0.0008218509923958397,0.003844908863623071,-0.0023594241704079605
Apothekers,laag risky/defensiever,gemiddeld durationprofiel,alpha rond nul / geen sterk residueel signaal,0.4413115014923245,0.4777697675158212,-0.023161167260592752,0.15619041393162775,0.22896894273306392,0.05615214482763279,0.4777697675158212,-0.023161167260592752,0.165764571748794,0.2430042777947642,0.059594158218976186,0.5070560920688099,0.024580900168655658,0.010829755313428446,1.0,0.8952184006122867,40,equity (positief),0.018631732428765084,0.0011038434089991774,0.001552472622243115,0.001918527769706639,-0.00028248616685788995
Metro,laag risky/defensiever,gemiddeld durationprofiel,alpha rond nul / geen sterk residueel signaal,0.435850715328598,0.5112909486809712,-0.08381621937634859,0.3393722528409506,0.05023664673864836,0.04624181574899903,0.5112909486809712,-0.08381621937634859,0.32918149064088736,0.04872812706340527,0.04485325394392407,0.49593776517986043,0.08129936317192282,2.0806360001568436e-05,1.0,0.9687803080629525,36,equity (positief),0.040483233570580916,0.0011812910363017837,0.0003406183291241108,0.001579925538168485,-0.0010222681035782462
Banden- en Wielenbranche,laag risky/defensiever,hoog duration/rentegevoelig,alpha rond nul / geen sterk residueel signaal,0.4318525364564585,0.8105371411748608,0.14031200812972783,0.18098726084990346,0.16221897454578504,0.08864630106077001,0.8105371411748608,0.14031200812972783,0.1308939323020258,0.11732029852592447,0.06411093728578089,0.5861981290119975,0.10147670287427131,-0.00837753329786195,1.0,0.9241836439535619,40,equity (positief),0.021589713045044166,0.0018726720313153298,0.0010998894163750592,0.0030287425491745375,0.0017113214068506112
Achmea,laag risky/defensiever,gemiddeld durationprofiel,alpha rond nul / geen sterk residueel signaal,0.42998715757075434,0.5273202927509826,-0.09625026126769186,0.24804980727738096,0.18175060971786355,0.00018674057550983197,0.5273202927509826,-0.09625026126769186,0.23544017052769287,0.17251129930383133,0.0001772475996859342,0.5005139129544706,0.0913573696143193,0.0020962653379879015,1.0,0.9507369395460371,40,equity (positief),0.029589508868463652,0.0012183253716768786,0.0012323192931537753,6.380290208795497e-06,-0.0011739204271816507
Wolters Kluwer Nederland,laag risky/defensiever,gemiddeld durationprofiel,alpha rond nul / geen sterk residueel signaal,0.42741445607893513,0.4417164119390001,-0.1439123179931535,0.2523006748181679,0.1129499790827817,0.06216380217798552,0.4417164119390001,-0.1439123179931535,0.24905224012375546,0.111495719671664,0.06136342757781017,0.43602920195167777,0.14205941067509262,-0.0028917362581736272,1.0,0.9626499750492664,40,equity (positief),0.030096588814130073,0.0010205454240038,0.0007658320299508012,0.002123925650838635,-0.0017552327400479754
Bouwnijverheid,laag risky/defensiever,gemiddeld durationprofiel,alpha rond nul / geen sterk residueel signaal,0.4270833967520934,0.3985303820688346,0.02665889637650759,0.2146586054550712,0.1280695983492511,0.08435519294777104,0.3985303820688346,0.02665889637650759,0.251866112456725,0.15026833791143518,0.09897676577303091,0.4676090101991266,0.03127977365968215,0.00046360839896708583,1.0,0.9074818580059406,40,equity (positief),0.02560631987390405,0.0009207680465424999,0.00086834722126781,0.0028821299824974647,0.00032514636958191846
Nederlandsche Bank,laag risky/defensiever,hoog duration/rentegevoelig,alpha rond nul / geen sterk residueel signaal,0.4267771152740025,0.6189868776123785,-0.03741842617764615,0.21244474516408418,0.1448379809923353,0.06949438911758303,0.6189868776123785,-0.03741842617764615,0.1961301636963944,0.1337152251026093,0.06415760438360216,0.5714521088213765,0.03454489799601736,0.011023833177779663,1.0,0.9497914405222104,39,equity (positief),0.025342231627141387,0.0014301126432969167,0.0009820414833015651,0.002374386869284305,-0.00045637543487554223
TNO,laag risky/defensiever,gemiddeld durationprofiel,alpha rond nul / geen sterk residueel signaal,0.41962195308117667,0.3834699876727852,-0.07028566819705714,0.26552178057222287,0.07671157195095193,0.07738860055800188,0.3834699876727852,-0.07028566819705714,0.3040171603335825,0.08783322490152606,0.08860840919765554,0.4390655127206164,0.08047569284661947,-0.003091660537873575,1.0,0.9534701619958763,40,equity (positief),0.03167371572365853,0.0008859723808865376,0.0005201256285745532,0.0026441052195783146,-0.000857242157557997
SABIC,laag risky/defensiever,gemiddeld durationprofiel,alpha rond nul / geen sterk residueel signaal,0.4104766391439826,0.37630832359308225,-0.09010772287626981,0.2978545039675053,0.026857920895315385,0.08576421428116185,0.37630832359308225,-0.09010772287626981,0.33967041675022486,0.03062851513755056,0.09780468658051908,0.42913839944950255,0.10275798208220288,-0.006994899734646953,1.0,0.9412351847405509,40,equity (positief),0.03553064033145092,0.0008694260101671211,0.00018210411587984916,0.0029302714482334104,-0.0010990026950377036
Flexsecurity,laag risky/defensiever,laag durationprofiel,alpha rond nul / geen sterk residueel signaal,0.40980519706208307,0.23102413782077033,0.05080019679039669,0.09506589939289851,0.32209971461782283,-0.007360416948638249,0.23102413782077033,0.05080019679039669,0.13600467300041744,0.4608073624704716,0.0,0.33051138757610454,0.07267657695300644,0.008315830043752026,1.0,0.9348780121214151,25,equity (positief),0.011340275987511925,0.000533760169001757,0.0021839249577155916,-0.0002514804083785021,0.0006195867723541661
ING Bank CDC fonds,laag risky/defensiever,hoog duration/rentegevoelig,alpha rond nul / geen sterk residueel signaal,0.4083286279900891,0.7025462192352082,-0.016876709639809945,0.2185667307511604,0.16203765370224554,0.027724243536683173,0.7025462192352082,-0.016876709639809945,0.19380751852715342,0.14368204833400838,0.02458364465818186,0.6229618704212893,0.014964918059367045,0.0022992539786332866,1.0,0.9608951099144859,40,equity (positief),0.02607251458446226,0.0016231688699189096,0.001098660011015201,0.000947243088977458,-0.00020583751076462377
Personeelsdiensten,laag risky/defensiever,gemiddeld durationprofiel,alpha rond nul / geen sterk residueel signaal,0.3994884063157671,0.3547229480579498,-0.052866332710423736,0.05114864710626216,0.3721577684700771,-0.023818009260572124,0.3547229480579498,-0.052866332710423736,0.06155844509879634,0.44789950183552335,0.0,0.42691633813780916,0.06362571492787121,-0.01216370401305289,1.0,0.9480776166246941,40,equity (positief),0.006101449397492319,0.0008195549715722837,0.0025233323777821477,-0.000813780352038316,-0.000644786487450084
Bisdommen,laag risky/defensiever,gemiddeld durationprofiel,alpha rond nul / geen sterk residueel signaal,0.3960436150021756,0.4047034578433588,-0.01197997158484175,0.22644799500533527,0.13487931415645865,0.03471630584038169,0.4047034578433588,-0.01197997158484175,0.2786273651863623,0.1659589342827798,0.04271582455424951,0.4979574146286805,0.014740461347928035,0.006095065151453527,1.0,0.9586019445268082,40,equity (positief),0.027012659392891138,0.0009350303742791233,0.0009145189737760564,0.0011861380722117093,-0.00014611423569425825
Pensioenkring Randstad (Hnp),laag risky/defensiever,hoog duration/rentegevoelig,alpha rond nul / geen sterk residueel signaal,0.3913158899800345,0.7172167899576102,0.018283350275219684,0.038333471052738,0.37422018953277913,-0.021237770605482598,0.7172167899576102,0.018283350275219684,0.03338996049262972,0.3259604987728191,0.0,0.6247240237751654,0.0159255169593856,0.0075972671746109555,1.0,0.9501160485993924,20,equity (positief),0.004572745264847529,0.001657063883582878,0.002537316161771207,-0.0007256223746813457,0.00022299366342190026
Schoonmaak- en Glazenwassersbedrijf,laag risky/defensiever,gemiddeld durationprofiel,alpha rond nul / geen sterk residueel signaal,0.38509754744499797,0.5082831654627096,-0.05751672369070232,0.2389475017217353,0.1034956345433824,0.042654411179880294,0.5082831654627096,-0.05751672369070232,0.25128630336464913,0.10883995535166369,0.04485700511767645,0.5345299565439584,0.060486779622052136,-0.002938505868791186,1.0,0.9657516123921924,40,equity (positief),0.028503707779083797,0.0011743418279028524,0.0007017289647775364,0.0014573561277184707,-0.0007015051798902759
Pensioenkring Sweco (Hnp),laag risky/defensiever,gemiddeld durationprofiel,alpha rond nul / geen sterk residueel signaal,0.37269461322438474,0.43506173953269184,-0.07746861084314352,0.10896384832094377,0.22752459763825122,0.036206167265189736,0.43506173953269184,-0.07746861084314352,0.12309170301500147,0.25702460616666983,0.04090052670672417,0.4914702560615674,0.08751290805003713,0.0016464965315938773,1.0,0.9546105164562102,18,equity (positief),0.012998142557027092,0.0010051704112378265,0.001542679563892044,0.0012370415688685694,-0.0009448492246813091
PDN,laag risky/defensiever,laag durationprofiel,alpha rond nul / geen sterk residueel signaal,0.36681916829366207,0.24761439390899798,-0.061997903271271984,0.25360718939925475,0.026689836746449674,0.08652214214795766,0.24761439390899798,-0.061997903271271984,0.374919267277977,0.03945682320935474,0.12790969457243856,0.3660598398324219,0.09165437510780793,-0.0032318881123992727,1.0,0.9403877652905652,40,equity (positief),0.030252441081092794,0.0005720904403619936,0.00018096445896292283,0.0029561672651135288,-0.0007561600782584929
Kring equensWorldline (Achmea),laag risky/defensiever,hoog duration/rentegevoelig,alpha rond nul / geen sterk residueel signaal,0.3623019095363005,0.6148021950283853,-0.034583504880796395,0.024469171910630333,0.3377453618041115,8.737582155859958e-05,0.6148021950283853,-0.034583504880796395,0.024186489665562055,0.33384352902101244,8.63664047506634e-05,0.6076996389877362,0.0341839759209387,0.01961157176670425,1.0,0.9379407900074425,20,equity (positief),0.002918892730458414,0.0014204443164098632,0.002290006763501389,2.985334586518095e-06,-0.00042179919605819034
Kring RBS (Achmea),laag risky/defensiever,gemiddeld durationprofiel,alpha rond nul / geen sterk residueel signaal,0.35746585220448346,0.5207167630216532,-0.025875152549630367,0.22065579772381133,0.054472130029756816,0.08233792445091533,0.5207167630216532,-0.025875152549630367,0.24407267498700425,0.060252930699078416,0.09107595486236401,0.5759773120502697,0.028621127401283687,0.0037619722518527077,1.0,0.928134251745745,32,equity (positief),0.02632171641369386,0.0012030685193947614,0.00036933607474029176,0.0028132067803285686,-0.00031558740448477617
Witteveen & Bos,laag risky/defensiever,hoog duration/rentegevoelig,alpha rond nul / geen sterk residueel signaal,0.3562270836513741,0.561327658941454,-0.052541537293257806,0.2598352046640037,0.05601873663659829,0.04037314235077211,0.561327658941454,-0.052541537293257806,0.2678447593825584,0.05774554319822391,0.04161766536772303,0.578630874666758,0.05416115738473662,-0.004760426867690515,1.0,0.9246277539213981,40,equity (positief),0.030995372167925455,0.0012968962850730056,0.0003798224943648996,0.0013794129322760693,-0.0006408251062564721
Rabobankorganisatie,laag risky/defensiever,hoog duration/rentegevoelig,alpha rond nul / geen sterk residueel signaal,0.35231252648505396,0.5594564924291623,-0.2297929554748221,0.23866457117096407,0.11482117024863442,-0.0011732149345445586,0.5594564924291623,-0.2297929554748221,0.20885378642468894,0.10047924604177133,0.0,0.48957667328011517,0.20109029425342456,-0.010399411494651845,1.0,0.9112972327098854,40,equity (positief),0.028469957395912394,0.001292573125756181,0.0007785192224638756,-4.008476325646316e-05,-0.002802679607321612
Heineken,laag risky/defensiever,laag durationprofiel,alpha rond nul / geen sterk residueel signaal,0.3399149302089882,0.1534077699108673,0.06614852541933165,0.33194181350947016,-0.08592888730049118,0.09390200400000927,0.1534077699108673,0.06614852541933165,0.5143194227980041,0.0,0.1454942478811359,0.23769405498845145,0.10249227433240839,0.0004262408302830867,1.0,0.8998289511828398,40,equity (positief),0.03959686702626202,0.0003544346403202785,-0.0005826215704255985,0.003208312039693755,0.0008067833187665721
NN CDC fonds,laag risky/defensiever,hoog duration/rentegevoelig,alpha rond nul / geen sterk residueel signaal,0.32254194358379645,0.7692642330461246,-0.04502554339398812,0.2453254675216297,0.06335215465819133,0.013864321403975442,0.7692642330461246,-0.04502554339398812,0.21579752148054962,0.055726941412981464,0.012195579310264017,0.67667379392787,0.039606163868335036,-0.0007710744383380153,1.0,0.9618866499502753,40,equity (positief),0.029264526252075783,0.0017773147468956427,0.00042954509241724864,0.0004736966985555904,-0.000549155965282545
Mars,laag risky/defensiever,laag durationprofiel,"negatieve alpha-puntinschatting, niet significant na Holm",0.31554177759154706,0.26265224737996495,0.16877881486944699,0.29341432217462543,-0.01774977722174223,0.03987723263866389,0.26265224737996495,0.16877881486944699,0.38368725551969357,0.0,0.0521460092181297,0.34346080725166983,0.2207059280105069,-0.026399728873992334,1.0,0.8344356890274134,40,equity (positief),0.0350009773577922,0.0006068340272694105,-0.00012034838812089287,0.0013624693844050601,0.0020585180324831057
Samenwerking / Slagersbedrijf,laag risky/defensiever,gemiddeld durationprofiel,alpha rond nul / geen sterk residueel signaal,0.312901776600285,0.44279256708749554,0.03837605453116105,0.19882484340675724,0.05870814436437036,0.0553687888291574,0.44279256708749554,0.03837605453116105,0.2503869226868436,0.07393317330056585,0.0697278087098407,0.5576238178386401,0.04832827746410965,0.007291596711947568,1.0,0.9289859927111892,40,equity (positief),0.0237175329093336,0.0010230317821798391,0.00039805742097799384,0.001891763160068759,0.0004680551900370674
Mercer,laag risky/defensiever,hoog duration/rentegevoelig,alpha rond nul / geen sterk residueel signaal,0.2940776021727906,0.804881366966687,0.2808596636114158,0.12869839552063578,0.1218851601555046,0.04349404649665024,0.804881366966687,0.2808596636114158,0.09327196521767106,0.08833418919159444,0.031521567736723315,0.5833240310445907,0.20354824680942035,0.0050840334462363135,1.0,0.9031612299892994,40,equity (positief),0.015352248636728323,0.0018596048815981317,0.0008264150235420279,0.001486043610210802,0.0034255168967056095
British American Tobacco,laag risky/defensiever,gemiddeld durationprofiel,alpha rond nul / geen sterk residueel signaal,0.1941375815917576,0.3179490975174879,-0.06836203832281222,0.21676003794798193,-0.07667501479623248,0.05405255844000815,0.3179490975174879,-0.06836203832281222,0.32986183167202626,0.0,0.08225628719376375,0.4838496647188961,0.10403221641531382,-0.0035160856543688945,1.0,0.8941305197389605,40,equity (positief),0.025856996768467918,0.0007345923487724526,-0.0005198777609765653,0.0018467920452401774,-0.0008337805235429734
Nedlloyd,laag risky/defensiever,gemiddeld durationprofiel,alpha rond nul / geen sterk residueel signaal,0.1672715843747586,0.3472285515328936,0.04897932553682619,0.15019298309147858,-0.029624580680560113,0.04670318196384014,0.3472285515328936,0.04897932553682619,0.2532321016618781,0.0,0.07874365818939091,0.585442901870648,0.08258133827808299,-0.01089718691660202,1.0,0.9265008975978456,39,equity (positief),0.017916307430131055,0.0008022398529292111,-0.00020086283276251756,0.0015956888522483692,0.0005973784382501237
ING,laag risky/defensiever,hoog duration/rentegevoelig,alpha rond nul / geen sterk residueel signaal,0.14630019177948206,0.6022463282409757,0.057377170676926575,0.15074569075468605,-0.06773781722231347,0.06329231824710947,0.6022463282409757,0.057377170676926575,0.17254473201369627,0.0,0.07244489733537277,0.689335998875586,0.06567437177534478,-0.0004677228436701375,1.0,0.9181760001932723,39,equity (positief),0.017982239141514558,0.0013914351330334897,-0.0004592810949507179,0.0021624832059208236,0.000699803115590518
IBM Nederland,laag risky/defensiever,gemiddeld durationprofiel,alpha rond nul / geen sterk residueel signaal,0.07062326178549987,0.475901587184241,-0.021948617523928307,0.13285018568278986,-0.1052375254087507,0.0430106015114607,0.475901587184241,-0.021948617523928307,0.19719165529368687,0.0,0.06384132369579973,0.7063883369935732,0.03257868401694022,-0.0026596920797103962,1.0,0.8539669661696654,40,equity (positief),0.01584750978275164,0.001099527148980133,-0.0007135394655692194,0.0014695259396559435,-0.0002676972521464249
