period,ABN AMRO Bank,ABP,AHOLD,APF,AT&T Nederland,AVEBE,Abbott Nederland,Achmea,Alliance,Apothekers,Architectenbureaus,Atos Origin,Avery Dennison,BPF Foodservice,BPL,Bakkersbedrijf BPF,Banden- en Wielenbranche,Beroepsvervoer over de Weg,Betonproduktenindustrie,Bibliotheken openbare,Bisdommen,Bouwmaterialen,Bouwnijverheid,British American Tobacco,Brocacef,CRH,Calpam,Campina,Cap Gemini Nederland,Cargill,Citigroup Nederland,Coram,Cosun,DHL Nederland,Delta Lloyd,Detailhandel,Dierenartsen,Dow,Ecolab,Essity,Flexsecurity,Forbo,Fysiotherapeuten,Gasunie,Gazelle psf,Geveke,Grolsche bierbrouwerij,Groothandel,HAL,Hagee,HaskoningDHV,Heineken,Honeywell,Hoogovens,Horecabedrijf,Huisartsen,Huntsman Rozenburg,IBM Nederland,IFF,IKEA,ING,ING Bank CDC fonds,KLM Algemeen,KLM Vliegend Personeel,KLM-Cabinepersoneel,KPN,Kappersbedrijf,Kas Bank,Koopvaardij,Kring 2 - DB premie (Achmea),Kring 3 - Stabiliteit (Achmea),Kring 4 - Koopkracht (Achmea),Kring AFM (De Nationale),Kring ANWB (De nationale),Kring Arcadis (Hnp),Kring B (De Nationale),Kring Bavaria (Achmea),Kring CK1 (Hnp),Kring Chemours (Achmea),Kring D (De Nationale),Kring DB evenwicht (Achmea),Kring DB-A (De Nationale),Kring Deutche Bank NL (Achmea),Kring Douwe Egberts (Stap),Kring ES Nederland (Achmea),Kring Eastman (Stap),Kring Forward (Unilever),Kring Grolsch (Achmea),Kring HP Nederland (Achmea),Kring HPE (Achmea),Kring Holland Casino (Stap),Kring McCain (De Nationale),Kring Progress (Unilever),Kring RBS (Achmea),Kring Roba (Hnp),Kring SVG (Stap),Kring Sligro (Achmea),Kring TotalEnergies NL (Stap),Kring equensWorldline (Achmea),Lanschot,Levensmiddelenbedrijf,Lloyd's Register Nederland,Loodsen,MSD,Mars,Medewerkers Apotheken,Media PNO,Mediahuis Nederland,Medische Specialisten,Mercer,Metaal en Techniek,"Metalektro, bedrijfstakpensioenfonds",Metro,"Mode-, Interieur-, Tapijt- en Textielindustrie",Molenaarspensioenfonds,NN CDC fonds,Nederlandsche Bank,Nedlloyd,Notariaat,Oak,PDN,PGB,Particuliere Beveiliging,Pensioenkring 2 (Stap),Pensioenkring AON (Stap),Pensioenkring Astellas (Stap),Pensioenkring Ballast Nedam (Stap),Pensioenkring Cargill (Hnp),Pensioenkring GE Nederland (Stap),Pensioenkring OWASE (Hnp),Pensioenkring PepsiCo (Hnp),Pensioenkring Randstad (Hnp),Pensioenkring Sweco (Hnp),Pensioenkring Xerox (Hnp),Pensura,Personeelsdiensten,Personeelspensioenfonds APG,Philips,Pon,PostNL,Provisum,Rabobankorganisatie,Rail & Openbaar Vervoer,Recreatie (SPR),Rijn- en Binnenvaart,Robeco,Rockwool,Roeiers in het Rotterdamse havengebied,SABIC,SNS Reaal Groep,Sagittarius,Samenwerking / Slagersbedrijf,"Schilders-, Afwerkings- en Glaszetbedrijf",Schoonmaak- en Glazenwassersbedrijf,Shell,Smurfit Kappa Nederland,Sportfondsen,Staples,TDV,TNO,Tandartsen en Tandarts-Specialisten,Thales,Trespa,UWV,Verloskundigen,"Vlakglas, Verf, het Glasbewerkings- en het Glazeniersbedrijf",Vlees- en Vleeswarenindustrie en de Gemaksvoedingindustrie,Vopak,Waterbouw BPF,Werk en (re)Integratie,Witteveen & Bos,Wolters Kluwer Nederland,Woningcorporaties,YARA Nederland,Zoetwarenindustrie,Zorg en Welzijn,Zorgverzekeraars,Zuivel en aanverwante industrie
2015Q1,12.9,8.799999999999999,11.799999999999999,8.4,11.1,5.59999999999999,14.399999999999999,11.0,11.899999999999999,12.5,9.8,9.1,11.69999999999999,14.499999999999998,11.899999999999999,13.200000000000001,19.2,13.69999999999999,13.5,11.899999999999999,10.2,15.0,11.899999999999999,9.9,9.0,7.6,7.8,9.8,13.8,12.8,6.6000000000000005,9.1,8.799999999999999,10.5,,15.2,11.3,8.799999999999999,10.8,11.5,,11.19999999999999,10.8,10.7,12.3,5.5,14.799999999999999,15.299999999999999,10.9,12.0,,9.69999999999999,12.6,7.9,17.599999999999998,9.0,10.8,9.6,12.2,16.0,13.8,14.6,8.799999999999999,7.1,9.8,12.5,18.8,9.0,10.6,,,,,,,,,,,,,,,,,,,,,,,,,,,,,,,12.3,16.6,12.0,8.1,16.0,10.5,9.6,8.4,11.1,14.499999999999998,19.6,11.19999999999999,9.3,12.9,9.9,15.1,14.6,14.000000000000002,9.3,11.5,10.8,9.5,10.0,9.4,,,,,,,,,,,,11.4,4.09999999999999,12.2,10.6,7.199999999999999,9.4,8.9,9.4,8.3,15.299999999999999,13.69999999999999,10.9,11.599999999999989,5.59999999999999,11.899999999999999,12.3,9.6,13.0,13.4,11.599999999999989,7.3,10.299999999999999,0.5,9.3,9.2,11.3,7.5,13.600000000000001,13.600000000000001,10.4,13.100000000000001,11.3,11.69999999999999,9.3,7.1,8.7,14.000000000000002,10.6,10.6,8.19999999999999,12.0,9.3,12.2,8.5
2015Q2,-11.899999999999999,-4.3,-12.0,-7.8,-5.7,-1.2,-15.0,-9.5,-6.4,-11.69999999999999,-8.0,-6.4,-12.9,-15.4,-8.1,-10.8,-17.9,-12.9,-12.9,-9.5,-9.0,-14.499999999999998,-9.9,-7.3999999999999995,-7.7,-5.79999999999999,-4.0,-8.1,-13.200000000000001,-12.8,-6.5,-7.9,-9.9,-8.5,,-13.8,-10.4,-8.1,-11.599999999999989,-8.9,,-9.1,-7.6,-7.3,-9.8,-1.7999999999999998,-10.6,-13.69999999999999,-2.89999999999999,-9.3,,-4.8,-8.4,-4.0,-14.7,-5.59999999999999,-8.1,-7.5,-12.5,-17.299999999999997,-12.4,-12.7,-5.4,-2.3,-6.4,-6.2,-14.899999999999999,-8.7,-10.2,,,,,,,,,,,,,,,,,,,,,,,,,,,,,,,-10.0,-14.399999999999999,-10.4,-6.5,-13.200000000000001,-3.5000000000000004,-4.7,-4.7,-8.5,-11.799999999999999,-18.0,-8.3,-7.199999999999999,-10.4,-7.3,-11.899999999999999,-12.6,-11.5,-5.5,-11.1,-12.8,-7.3,-7.5,-8.0,,,,,,,,,,,,-7.3,-5.3,-9.3,-8.9,-1.9,-7.000000000000001,-5.5,-6.7,-6.7,-15.4,-12.6,-10.7,-9.69999999999999,-3.9,-8.19999999999999,-11.4,-5.0,-8.1,-12.2,-11.5,-1.6,-9.1,-2.5,-6.2,-6.5,-8.0,-8.1,-10.8,-13.69999999999999,-8.9,-13.0,-12.5,-10.099999999999989,-6.800000000000001,-2.79999999999999,-6.5,-13.3,-9.2,-7.8,-4.9,-11.69999999999999,-6.6000000000000005,-11.599999999999989,-17.599999999999998
2015Q3,-0.1,-3.1,-0.8,-1.3,-4.8,-6.2,1.3,-0.8999999999999999,-3.8,-0.3,-1.9,-1.3,-0.4,1.0,-2.1999999999999997,-1.39999999999999,-1.2,-1.0999999999999999,-0.6,-0.8999999999999999,-0.6,-1.2,-0.8,-1.3,-2.3,-1.9,-3.3000000000000003,-1.6,-0.6,-0.2,-2.4,-3.4000000000000004,-0.4,-1.3,,-1.39999999999999,-1.39999999999999,0.8,-0.6999999999999901,-2.5,,-2.5,-1.7999999999999998,-3.6999999999999997,-2.79999999999999,-1.39999999999999,,-0.4,-4.6,-1.5,,-3.8,-1.7000000000000002,-2.89999999999999,-1.7999999999999998,-3.1,-1.5,-1.39999999999999,1.5,0.1,1.0999999999999999,1.2,-3.6999999999999997,-3.8,-4.0,-3.9,-0.1,-0.8999999999999999,0.3,,,,,,,,,,,,,,,,,,,,,,,,,,,,,,,-1.5,-0.8,-2.7,-2.7,-1.3,-3.8,-3.2,-2.7,-0.2,-0.8999999999999999,-0.2,-1.5,-2.5,-0.6,-1.5,-4.8,0.8999999999999999,0.4,-0.1,-0.6999999999999901,-1.0999999999999999,-2.79999999999999,-2.1,-3.2,,,,,,,,,,,,-4.2,1.2,-2.1999999999999997,-1.6,-3.3000000000000003,-1.9,-1.7999999999999998,-1.7999999999999998,-2.6,0.6,-1.9,-1.0,-0.6,-1.3,-3.5999999999999996,-1.39999999999999,-1.6,-1.3,-3.3000000000000003,0.1,-2.79999999999999,-4.0,-4.3,-2.7,-2.0,-1.0999999999999999,1.0,-1.0,0.5,-1.39999999999999,-2.6,-0.2,-1.7999999999999998,-1.7999999999999998,-3.9,-3.5000000000000004,0.8999999999999999,-0.8,-1.7000000000000002,-2.89999999999999,-1.3,-3.2,,-1.0999999999999999
2015Q4,1.2,1.9,1.2,0.6,3.1,2.1999999999999997,-1.0,0.8999999999999999,2.79999999999999,0.8999999999999999,1.7000000000000002,1.0,1.2,0.6,1.6,1.0999999999999999,0.6999999999999901,0.8999999999999999,0.5,1.5,1.39999999999999,0.8,1.0,1.0,2.1,2.0,2.1999999999999997,1.6,0.8999999999999999,0.2,0.2,2.1,0.6999999999999901,1.7999999999999998,,1.6,1.7999999999999998,1.7000000000000002,2.3,2.1,,1.6,1.5,2.1999999999999997,2.1,1.0999999999999999,1.7000000000000002,1.2,3.3000000000000003,2.4,,2.3,2.1999999999999997,2.0,1.7000000000000002,1.6,2.3,0.4,,1.0999999999999999,0.4,0.2,1.7999999999999998,1.7000000000000002,2.0,2.3,0.8,1.7000000000000002,0.4,,,,,,,,,,,,,,,,,,,,,,,,,,,,,,,1.0,1.2,2.5,2.3,1.7999999999999998,3.9,2.89999999999999,3.0,1.7999999999999998,1.3,-0.2,1.7999999999999998,2.1999999999999997,1.9,1.0,2.1999999999999997,0.1,0.6999999999999901,1.5,1.6,1.5,1.6,1.7999999999999998,1.3,,,,,,,,,,,,4.3999999999999995,-0.5,1.5,1.0999999999999999,2.1,1.6,2.1,0.8,1.2,0.3,1.6,2.1,1.5,2.1999999999999997,2.1,,2.7,1.6,2.6,0.2,1.7999999999999998,0.8,3.0,2.1,1.0999999999999999,1.3,0.5,2.0,0.6999999999999901,0.4,0.2,0.8,2.1,1.7999999999999998,3.3000000000000003,2.7,0.2,1.2,0.8,1.7999999999999998,0.8999999999999999,1.0999999999999999,0.4,1.7999999999999998
2016Q1,8.3,2.1999999999999997,7.7,3.5999999999999996,1.7000000000000002,-0.5,11.599999999999989,7.1,1.6,7.3999999999999995,6.9,2.3,8.6,10.7,4.6,5.0,9.69999999999999,9.3,9.3,6.9,4.9,8.19999999999999,6.1,3.6999999999999997,4.9,2.1,1.7000000000000002,5.0,9.4,5.79999999999999,4.3999999999999995,4.9,7.199999999999999,5.3,,10.5,5.7,6.4,5.4,5.0,,6.4,5.3,2.5,5.0,0.6999999999999901,6.2,10.7,-2.6,4.6,,1.0999999999999999,6.4,2.0,7.9,2.79999999999999,4.3999999999999995,5.59999999999999,9.1,9.6,7.3999999999999995,7.7,3.3000000000000003,1.6,3.6999999999999997,3.5000000000000004,11.599999999999989,5.2,5.59999999999999,,,,,,,,,,,,,,,,,,,,,,,,,,,,,,,5.2,8.6,3.8,3.8,8.19999999999999,-0.3,1.3,2.89999999999999,5.3,8.799999999999999,12.8,5.5,4.6,5.2,4.09999999999999,9.0,7.7,8.9,2.79999999999999,7.7,6.800000000000001,2.6,4.09999999999999,6.1,,,,,,,,,,,,0.8999999999999999,3.0,4.3,5.5,-0.4,5.0,2.1,5.4,5.79999999999999,12.1,8.4,6.9,4.9,3.3000000000000003,3.4000000000000004,7.7,-0.1,4.6,2.4,5.3,1.0999999999999999,6.0,0.6,2.3,3.0,3.9,6.7,6.800000000000001,8.0,6.7,8.7,8.4,5.79999999999999,4.3,,2.0,7.1,5.1,6.0,1.0,8.5,4.3999999999999995,8.0,10.2
2016Q2,4.8,3.9,4.3999999999999995,2.6,3.8,2.3,6.800000000000001,4.0,2.3,5.4,4.0,2.5,5.7,6.9,3.5000000000000004,4.6,6.3,5.79999999999999,6.2,4.3,4.5,5.4,4.9,1.6,2.89999999999999,2.1,2.7,4.2,5.7,5.3,4.0,3.4000000000000004,3.8,3.9,,5.7,3.5000000000000004,3.9,3.5000000000000004,4.5,,5.0,3.5000000000000004,4.0,4.9,2.6,6.2,4.5,-1.3,3.4000000000000004,,3.2,3.6999999999999997,2.3,5.3,4.0,4.2,4.3999999999999995,6.2,5.2,6.4,7.1,3.4000000000000004,2.79999999999999,3.2,3.5000000000000004,6.1,5.2,3.3000000000000003,,,,,,,,,,,,,,,,,,,,,,,,,,,,,,,3.9,3.4000000000000004,3.8,4.0,6.7,3.2,3.5000000000000004,3.5999999999999996,4.8,4.9,9.1,4.7,3.8,6.4,5.0,5.0,7.000000000000001,5.79999999999999,3.9,4.3999999999999995,4.8,3.6999999999999997,3.9,4.9,,,,,,,,,,,,4.3999999999999995,2.1,4.3,5.1,2.79999999999999,3.1,4.2,3.0,4.5,5.3,4.09999999999999,5.3,4.3,2.4,3.8,4.2,0.8,3.8,3.2,4.0,2.1,3.9,2.1,2.79999999999999,2.4,4.09999999999999,3.2,4.2,4.0,5.1,4.5,4.9,4.3999999999999995,4.6,2.4,2.89999999999999,6.800000000000001,4.8,5.79999999999999,2.4,4.7,4.3,5.8999999999999995,6.3
2016Q3,2.0,2.7,3.5000000000000004,2.4,2.6,4.5,2.6,3.1,3.5999999999999996,3.0,3.3000000000000003,1.5,2.0,2.0,3.2,2.79999999999999,3.0,3.3000000000000003,2.6,3.0,1.9,2.7,2.79999999999999,2.1999999999999997,3.2,2.5,2.7,2.79999999999999,2.79999999999999,1.39999999999999,2.89999999999999,3.0,3.1,2.7,,3.8,3.4000000000000004,2.6,2.1999999999999997,3.2,,3.5999999999999996,3.4000000000000004,2.7,3.1,1.5,0.8999999999999999,4.0,4.6,2.6,,2.0,3.4000000000000004,3.2,3.1,2.1999999999999997,3.3000000000000003,1.9,1.6,3.8,1.39999999999999,1.9,3.3000000000000003,2.89999999999999,3.8,4.09999999999999,2.5,2.6,1.7000000000000002,,,,,,,,,,,,,,,,,,,,,,,,,,,,,,,2.5,2.79999999999999,2.6,2.0,2.0,3.4000000000000004,2.7,2.89999999999999,1.6,3.5999999999999996,1.0,2.7,3.1,1.39999999999999,2.3,3.6999999999999997,1.9,2.1999999999999997,1.39999999999999,3.4000000000000004,3.3000000000000003,2.4,2.89999999999999,3.0,,,,,,,,,,,,3.4000000000000004,0.2,2.4,2.3,2.0,3.4000000000000004,1.39999999999999,2.89999999999999,2.6,3.2,3.6999999999999997,1.6,1.7000000000000002,2.1,2.7,3.5999999999999996,2.7,2.6,4.0,2.6,2.3,3.0,3.2,2.7,3.2,1.6,2.1999999999999997,3.0,2.6,2.1,3.6999999999999997,2.4,2.4,1.5,3.0,3.1,1.0999999999999999,1.7000000000000002,1.9,2.89999999999999,3.1,2.89999999999999,3.4000000000000004,3.1
2016Q4,-2.89999999999999,0.4,-4.9,-1.0999999999999999,-0.1,3.0,-6.6000000000000005,-3.8,-0.8,-4.7,-2.5,-0.5,-4.8,-6.5,-0.8999999999999999,-2.6,-6.7,-5.3,-5.1,-3.4000000000000004,-2.1,-4.3999999999999995,-2.0,-1.39999999999999,-2.79999999999999,-0.6999999999999901,-0.1,-2.1999999999999997,-6.3,-4.8,-2.5,-2.89999999999999,-3.3000000000000003,-2.0,,-6.4,-2.1999999999999997,-3.5000000000000004,-3.5999999999999996,-3.3000000000000003,,-3.1,-1.7999999999999998,-0.4,-3.2,0.8999999999999999,-3.5999999999999996,-6.7,2.7,-2.0,,2.1999999999999997,-3.8,0.2,-4.3,-0.8,-2.1999999999999997,-2.7,-4.8,-5.2,-4.6,-5.2,-0.8999999999999999,0.4,-0.8,-0.3,-5.8999999999999995,-4.6,-2.7,,,,,,,,,,,,,,,,,-2.89999999999999,,,,,,,,,,1.6,,,,-3.3000000000000003,-2.89999999999999,-1.7000000000000002,-1.5,-4.0,1.3,-0.5,-1.0999999999999999,-2.6,-5.2,-6.0,-2.1999999999999997,-1.6,-2.5,-1.0999999999999999,-4.9,-5.1,-5.2,-0.8,-4.3999999999999995,-3.0,-1.39999999999999,-0.3,0.4,,,,,,,,,,,,1.2,-2.6,-0.3,-2.79999999999999,1.9,-1.0,-1.0,-2.7,-1.9,-7.7,-3.6999999999999997,-3.2,-3.8,-1.0,-1.6,-3.2,1.2,-1.7000000000000002,,-2.79999999999999,0.8,-2.0,1.0999999999999999,-0.2,-0.8999999999999999,-0.2,-3.8,-4.09999999999999,-5.1,-2.3,-4.7,-5.5,-2.6,-2.1,1.0999999999999999,-0.6999999999999901,-4.8,-3.2,-1.2,0.1,-2.5,-0.1,-5.79999999999999,-6.4
2017Q1,0.4,2.0,0.0,1.2,2.0,4.3999999999999995,-0.6999999999999901,0.8,1.39999999999999,1.2,1.3,1.0,-0.6999999999999901,-1.3,2.1,0.5,-0.6,0.5,0.4,1.2,0.6999999999999901,0.6999999999999901,1.2,1.0,0.8,1.0,0.6999999999999901,1.0,-0.4,-0.2,0.3,1.3,1.7999999999999998,1.6,-1.0999999999999999,0.1,1.3,1.6,0.6,1.5,,1.3,1.2,1.9,1.0999999999999999,1.0,1.3,-0.3,4.3999999999999995,0.8,,2.1,1.39999999999999,3.0,0.8999999999999999,0.8999999999999999,1.5,0.3,0.2,0.6,-1.6,0.2,2.4,2.5,2.79999999999999,2.1999999999999997,,-0.3,0.1,,,,,,,,,0.0,,,,-0.5,,,,0.6999999999999901,,,,,,,,2.4,,2.1,,,,0.6999999999999901,0.8,1.7999999999999998,1.7000000000000002,1.0,3.4000000000000004,2.1999999999999997,2.5,0.8,0.8,-1.0,0.8999999999999999,1.3,0.2,1.2,0.8,-0.1,,0.3,-0.8,1.2,1.39999999999999,2.0,0.5,,,,,,,,,,,,2.1999999999999997,-0.8999999999999999,1.39999999999999,0.5,2.0,1.3,1.3,0.1,1.7999999999999998,-0.8999999999999999,1.0999999999999999,0.4,-0.3,1.3,2.3,-1.0,1.7999999999999998,1.0,2.89999999999999,0.6999999999999901,2.3,0.8,2.7,1.39999999999999,2.3,1.0999999999999999,-0.3,0.6999999999999901,-1.3,0.8999999999999999,0.3,-0.5,0.6999999999999901,1.0,2.7,3.2,-0.8,0.3,0.8,1.7999999999999998,1.3,0.5,0.3,-1.2
2017Q2,-1.5,0.0,-0.6999999999999901,0.5,-1.3,0.3,0.3,-0.2,-0.2,0.6999999999999901,-0.3,-0.1,-0.2,-1.6,-0.2,-0.4,-1.3,-0.5,-0.3,0.0,0.0,-0.4,-0.5,-0.2,0.1,0.1,0.2,0.2,-0.4,-0.6999999999999901,-0.5,0.5,-0.1,0.3,-0.4,-1.0999999999999999,-0.5,0.3,-0.4,-0.5,,-0.8999999999999999,0.0,-0.2,-0.2,-0.3,-0.8999999999999999,-1.7000000000000002,1.7999999999999998,-0.3,,-0.6999999999999901,-0.8,0.3,-1.0999999999999999,-0.3,-0.1,-0.5,-0.3,-0.5,-0.6,0.5,0.8,0.6,0.6999999999999901,-0.4,-2.3,-0.8999999999999999,-0.6,-3.4000000000000004,-5.0,-2.3,,,,,-2.0,-0.8,,,,-1.2,,,,-0.4,,,,,,-1.5,,-1.0999999999999999,,-0.4,,,,-0.5,-0.2,1.0,0.3,-1.3,-0.6999999999999901,0.6,0.8999999999999999,0.3,-0.1,-2.79999999999999,-0.6,-0.6,0.4,-0.6,-0.5,0.6,-0.1,,-0.6999999999999901,-0.4,0.5,0.1,-1.0999999999999999,,,,,,,,,,,,-1.3,-0.3,-0.3,0.8,-0.1,0.0,-0.2,-0.1,0.6999999999999901,-2.1999999999999997,0.5,0.4,-1.3,0.1,0.3,-1.2,0.8,-0.1,0.1,0.1,0.4,-0.5,1.0999999999999999,-0.4,1.39999999999999,-0.4,-0.5,-0.8999999999999999,-1.9,-0.8,-1.6,-1.5,-0.4,0.5,1.2,0.8999999999999999,1.2,0.6999999999999901,-1.0,0.8,-0.3,-0.8,,-0.8
2017Q3,0.6999999999999901,1.9,0.8999999999999999,2.1999999999999997,1.0,3.0,1.5,1.3,0.8999999999999999,1.6,1.6,0.6999999999999901,1.3,0.5,1.7000000000000002,1.5,0.3,1.2,1.39999999999999,1.39999999999999,1.6,1.5,1.7999999999999998,0.8999999999999999,1.2,1.39999999999999,0.8,1.6,0.8999999999999999,1.2,1.9,1.7000000000000002,1.2,1.5,1.2,0.8999999999999999,1.2,0.6999999999999901,1.2,1.6,,1.39999999999999,1.5,1.7999999999999998,1.0,0.8999999999999999,0.8,0.8,2.4,0.5,,1.9,0.8,1.39999999999999,1.6,1.7999999999999998,1.6,1.2,0.6999999999999901,1.39999999999999,1.0,1.7999999999999998,1.7999999999999998,1.5,1.7999999999999998,1.9,0.6,1.0,0.8999999999999999,0.8999999999999999,0.1,1.0,,,,,0.8,1.3,,,,0.6,,,,1.6,,,,,1.6,0.6999999999999901,,0.8,,1.6,,,,0.8,1.2,2.3,1.3,1.3,0.8999999999999999,1.3,2.1,1.2,1.7000000000000002,0.6,1.0999999999999999,1.3,1.5,1.3,1.3,1.7000000000000002,1.39999999999999,1.0999999999999999,1.2,1.7999999999999998,1.3,1.9,1.6,,,,,,,,,,,,1.39999999999999,0.2,1.7000000000000002,1.39999999999999,2.1,1.5,1.3,1.39999999999999,1.7000000000000002,0.0,1.9,1.39999999999999,0.8,1.2,1.2,1.2,2.0,1.39999999999999,1.7000000000000002,1.39999999999999,1.39999999999999,1.9,2.1,1.0999999999999999,2.1,1.0999999999999999,0.8999999999999999,0.8,-0.1,1.3,1.3,0.3,1.3,1.39999999999999,2.1,2.1,1.7000000000000002,1.39999999999999,1.5,1.9,1.39999999999999,1.7000000000000002,1.0,1.0
2017Q4,2.5,3.5999999999999996,2.79999999999999,3.4000000000000004,1.7999999999999998,3.9,3.4000000000000004,2.7,2.6,2.89999999999999,3.5000000000000004,1.2,4.0,3.1,2.89999999999999,2.1,3.1,3.5999999999999996,3.3000000000000003,2.3,2.6,3.0,3.6999999999999997,1.9,3.0,2.4,0.6999999999999901,2.6,3.0,1.9,3.0,2.7,1.7000000000000002,2.6,2.1999999999999997,3.4000000000000004,2.5,2.1999999999999997,2.7,2.7,,2.0,2.79999999999999,3.5000000000000004,3.8,0.6999999999999901,1.9,3.6999999999999997,1.7000000000000002,2.4,,2.4,3.8,2.3,3.5999999999999996,3.1,2.5,1.7999999999999998,2.1,3.6999999999999997,2.1,2.89999999999999,2.6,2.1999999999999997,3.0,3.4000000000000004,3.2,2.6,1.6,3.6999999999999997,3.9,3.4000000000000004,,,,,2.6,2.6,,,,3.4000000000000004,,,,2.4,2.7,,,,3.6999999999999997,3.4000000000000004,2.79999999999999,2.7,,2.7,,,,2.4,2.7,3.2,2.6,3.4000000000000004,0.8999999999999999,2.1999999999999997,2.4,2.6,2.79999999999999,2.0,2.6,2.6,2.7,2.1,3.9,2.79999999999999,2.79999999999999,1.7999999999999998,2.79999999999999,3.4000000000000004,2.0,2.6,3.9,,,,,,,,,,,,2.89999999999999,0.3,3.4000000000000004,3.0,4.2,2.5,1.7999999999999998,2.3,2.3,3.3000000000000003,3.5999999999999996,3.1,3.1,2.1,2.4,2.89999999999999,0.1,2.5,2.3,2.1999999999999997,0.8999999999999999,3.3000000000000003,2.79999999999999,2.0,2.7,2.1,2.0,2.89999999999999,2.7,2.0,4.09999999999999,3.1,2.79999999999999,2.6,2.79999999999999,2.5,2.1999999999999997,2.3,3.4000000000000004,2.1999999999999997,2.1,3.6999999999999997,2.79999999999999,3.2
2018Q1,-0.1,-1.0,-1.0,-0.5,-1.3,-1.7999999999999998,-0.6999999999999901,-0.2,-1.5,-1.2,-0.1,-0.5,-1.0,-0.4,-0.3,-1.2,-0.2,-0.6,-0.4,0.0,-0.3,-0.3,-0.3,-0.6999999999999901,-1.39999999999999,-0.2,-1.3,-0.8,-0.3,-0.2,-0.3,-1.2,0.4,-1.2,0.0,0.2,-0.8999999999999999,-1.0,-1.0,-0.8,,-0.6999999999999901,0.1,-1.5,-1.6,-0.8999999999999999,-1.39999999999999,-0.4,-2.3,-1.0,,-1.0,-1.5,-0.8,-0.4,-0.5,-0.8,-0.5,0.0,-0.8,,0.3,-0.8,-0.8999999999999999,-1.0999999999999999,-1.2,0.5,-0.4,-0.2,-0.8999999999999999,-0.4,-1.0,-0.1,,,,-0.2,-0.6999999999999901,,,,-0.2,,,,-1.2,-1.0,,,,-1.7999999999999998,-0.5,-1.5,-0.2,,-1.7000000000000002,,,,-0.8,-0.5,-1.0,-1.0999999999999999,-1.0999999999999999,-0.6999999999999901,-1.2,-0.1,-1.2,-0.6999999999999901,-0.1,-0.6,-0.8999999999999999,0.1,-0.6,-1.0999999999999999,0.3,-0.8999999999999999,-0.3,-0.6,-0.5,-1.2,-1.0999999999999999,0.4,,,,,,,,,,,,-2.0,0.4,-0.8,-0.6,-1.7999999999999998,-0.8999999999999999,-0.4,-0.2,0.0,-0.2,-0.8,-1.2,-0.1,-0.8,-1.5,-0.4,-0.4,-0.3,-1.0999999999999999,0.3,-0.1,-0.4,-1.39999999999999,-1.2,-1.0999999999999999,-0.3,-0.4,-1.3,-1.0,-0.8,-0.4,-0.6,-0.5,-1.0999999999999999,-0.5,-0.8,0.2,-0.5,-0.8999999999999999,-1.0999999999999999,0.2,-0.6,-0.3,0.2
2018Q2,1.0999999999999999,2.3,0.8999999999999999,1.0999999999999999,1.7000000000000002,2.89999999999999,1.5,0.8999999999999999,2.0,0.3,1.0999999999999999,0.2,1.5,1.9,1.7000000000000002,1.6,1.5,1.3,1.3,1.2,2.1999999999999997,1.9,2.1,0.4,1.7999999999999998,0.4,2.5,1.6,0.8,0.8999999999999999,0.8999999999999999,1.2,0.4,2.0,2.1999999999999997,1.6,1.5,1.7999999999999998,2.0,1.2,,1.3,1.39999999999999,2.79999999999999,0.5,0.5,2.5,1.0999999999999999,-1.0,1.6,,2.4,1.9,2.1,2.79999999999999,1.7000000000000002,1.6,2.1999999999999997,1.0999999999999999,1.5,2.4,2.1,1.5,1.2,1.3,2.79999999999999,1.9,1.7999999999999998,1.39999999999999,1.6,1.7999999999999998,1.6,1.5,,,,1.0999999999999999,2.4,,,,1.5,,1.9,,2.1,1.39999999999999,,,,2.89999999999999,1.2,1.2,0.8999999999999999,,2.0,,,,1.0999999999999999,1.6,1.5,0.6,3.0,3.1,1.9,2.4,2.1,1.39999999999999,2.89999999999999,1.7000000000000002,1.5,2.79999999999999,1.7999999999999998,2.0,2.0,2.4,1.9,1.7999999999999998,1.0999999999999999,1.6,2.1,2.79999999999999,1.39999999999999,,,,,,,,,,,4.3999999999999995,0.5,1.7000000000000002,1.39999999999999,0.6999999999999901,2.1999999999999997,1.7999999999999998,0.6999999999999901,0.6,2.0,2.0,1.7000000000000002,0.8999999999999999,1.3,1.7000000000000002,0.5,1.0999999999999999,1.3,1.9,1.7000000000000002,0.3,1.7999999999999998,1.2,1.39999999999999,1.3,0.8999999999999999,1.39999999999999,2.0,1.6,1.6,1.0,1.7999999999999998,1.3,1.6,1.6,0.4,1.2,1.39999999999999,2.89999999999999,1.2,1.3,2.89999999999999,0.6999999999999901,1.7999999999999998
2018Q3,0.1,1.0999999999999999,0.1,0.6,0.5,1.5,0.5,0.8,0.8,0.4,0.8999999999999999,0.5,0.3,0.1,1.0999999999999999,0.3,-0.5,0.6,0.1,1.0999999999999999,1.0,0.6999999999999901,1.2,0.8,2.4,0.8999999999999999,0.8999999999999999,0.5,0.4,,0.6999999999999901,0.8999999999999999,0.4,0.6,-0.3,0.4,0.6999999999999901,0.3,1.0999999999999999,0.5,,0.4,0.8,1.9,1.3,0.5,0.6999999999999901,0.1,-1.0,1.0999999999999999,1.2,1.3,1.6,1.2,0.8,0.1,0.8,-0.4,0.2,1.0,-0.4,0.4,1.3,0.6999999999999901,1.2,1.2,0.0,0.5,-0.1,0.3,-0.6,0.4,-0.2,,1.3,,0.1,0.4,,,,0.8,,0.6999999999999901,,0.4,0.5,,,,1.0,0.6999999999999901,0.8999999999999999,0.1,,1.0999999999999999,,,,0.0,0.6,1.2,1.0,1.0,0.8,0.5,1.7999999999999998,0.3,0.2,-0.3,0.8999999999999999,1.2,1.7000000000000002,0.5,1.0,0.4,0.3,1.0999999999999999,0.6999999999999901,0.1,0.5,1.0,0.6,0.3,,,,,,,,,,,1.5,-0.5,0.8999999999999999,0.6,2.1,0.6,0.6999999999999901,0.4,1.5,-0.2,0.8999999999999999,1.0999999999999999,0.2,1.0999999999999999,0.8,-0.3,-0.4,1.0999999999999999,1.9,0.8,0.8,1.2,2.0,1.0,1.6,0.6,0.3,0.8999999999999999,0.1,0.3,0.2,0.2,0.6,0.8,2.3,0.6,0.5,0.5,1.0,0.6,0.8,1.3,0.6,0.0
2018Q4,0.2,-4.6,-0.6999999999999901,-4.7,-3.2,-9.69999999999999,-2.3,-3.1,-3.3000000000000003,-2.79999999999999,-1.7999999999999998,-2.4,-2.5,-1.2,-3.0,-2.1,-1.7000000000000002,-2.5,-2.5,-2.79999999999999,-2.6,-1.5,-2.7,-2.7,-4.0,-3.5999999999999996,-1.6,-4.0,-2.0,-1.39999999999999,-4.3999999999999995,-4.3,-2.5,-4.09999999999999,-2.0,-1.6,-1.3,-2.1999999999999997,-4.3999999999999995,-2.3,0.6,-2.4,-1.7000000000000002,-6.3,-4.09999999999999,-1.7999999999999998,-3.1,-0.8999999999999999,-9.1,-2.6,-5.1,-3.9,-5.1,-3.8,-3.6999999999999997,-2.7,-3.3000000000000003,0.8999999999999999,-0.4,-3.6999999999999997,-0.8,-2.4,-3.6999999999999997,-3.1,-4.7,-4.3999999999999995,-0.1,-2.1,0.2,-2.89999999999999,0.0,-3.2,-0.6,,-4.09999999999999,,-1.0,-1.39999999999999,,,,-2.1,,-2.79999999999999,,-1.7000000000000002,-2.3,,,,-3.2,-2.5,-4.3999999999999995,-1.6,,-3.5000000000000004,,,,-1.9,-2.6,-4.8,-3.9,-4.3999999999999995,-2.6,-2.0,-3.8,-3.3000000000000003,-2.6,-0.3,-1.7999999999999998,-2.7,-4.2,-2.4,-3.4000000000000004,-2.4,-2.3,-1.0999999999999999,-2.3,-3.0,-2.6,-4.2,-3.1,-1.5,,,,,,,,,,,-5.4,0.6999999999999901,-4.5,-3.6999999999999997,-6.2,-2.4,-3.3000000000000003,-3.3000000000000003,-2.79999999999999,-0.8999999999999999,-4.0,-4.3999999999999995,-1.9,-2.1,-3.5999999999999996,-0.3,-4.09999999999999,-1.5,-4.3,-2.0,-1.3,-5.2,-6.2,-3.1,-4.8,-2.4,-1.6,-4.0,-0.5,-1.6,-2.3,-1.0999999999999999,-3.5999999999999996,-3.4000000000000004,-5.1,-4.3999999999999995,-3.8,-2.89999999999999,-4.0,-4.0,-2.79999999999999,-3.9,-1.3,-2.4
2019Q1,9.2,7.3,9.69999999999999,6.9,8.19999999999999,11.4,10.2,7.7,10.6,8.19999999999999,8.0,5.2,10.299999999999999,9.69999999999999,8.1,7.1,10.0,10.299999999999999,8.799999999999999,8.19999999999999,7.1,8.1,6.2,4.7,8.9,7.199999999999999,6.2,8.7,8.5,7.5,8.19999999999999,8.799999999999999,7.5,7.1,8.4,10.9,7.9,7.7,8.19999999999999,8.3,2.7,9.4,7.5,9.8,10.4,3.6999999999999997,9.1,10.8,6.0,8.4,9.3,6.1,8.5,7.3999999999999995,10.5,6.9,8.0,3.9,6.2,10.099999999999989,4.7,8.19999999999999,7.3999999999999995,6.5,8.3,8.4,11.3,8.19999999999999,6.0,10.0,10.9,9.8,10.6,,9.6,,7.7,9.6,,,,9.9,,7.3,,7.3,9.5,,,,9.0,9.69999999999999,5.4,8.0,,7.6,,,,6.6000000000000005,7.5,7.7,6.4,10.299999999999999,6.5,9.2,7.000000000000001,8.19999999999999,10.099999999999989,8.1,7.5,7.8,8.6,7.3999999999999995,12.0,8.1,9.0,4.8,8.5,8.19999999999999,5.7,8.19999999999999,11.1,7.199999999999999,,,8.0,,,,,,,,10.2,2.1999999999999997,7.3999999999999995,7.1,12.1,6.4,6.4,5.7,7.1,11.3,9.1,9.2,8.3,5.79999999999999,7.5,7.5,5.8999999999999995,6.800000000000001,8.19999999999999,7.1,5.0,8.5,7.9,6.7,7.6,6.1,6.1,10.9,9.69999999999999,7.3,9.8,8.799999999999999,8.0,7.3999999999999995,6.5,7.3999999999999995,7.3999999999999995,7.1,8.6,5.4,7.9,8.5,7.3999999999999995,10.8
2019Q2,7.000000000000001,1.7999999999999998,6.4,2.7,3.4000000000000004,2.1999999999999997,6.9,5.0,5.3,5.5,5.0,2.1999999999999997,5.8999999999999995,6.6000000000000005,3.8,3.9,6.3,6.800000000000001,5.79999999999999,4.3,4.2,5.2,2.5,2.1,4.0,3.8,2.89999999999999,4.6,6.1,5.7,4.2,4.6,3.5000000000000004,3.3000000000000003,6.2,7.7,4.8,4.3999999999999995,5.4,4.3,2.7,5.5,4.9,3.1,6.0,1.7000000000000002,3.9,7.8,1.39999999999999,5.0,2.89999999999999,2.1,4.7,2.7,6.6000000000000005,4.5,4.3999999999999995,4.09999999999999,5.0,6.6000000000000005,3.8,6.6000000000000005,3.0,1.7999999999999998,3.4000000000000004,3.4000000000000004,8.6,5.4,4.8,5.79999999999999,7.8,4.8,8.5,,4.8,,5.0,6.4,,,,7.6,,2.79999999999999,,3.9,4.8,,,,3.2,6.9,2.0,5.1,,3.2,,,,3.4000000000000004,4.3999999999999995,3.5999999999999996,2.89999999999999,5.4,2.1999999999999997,5.3,3.4000000000000004,4.2,6.7,5.8999999999999995,4.8,4.6,5.0,3.6999999999999997,7.5,6.5,5.1,2.79999999999999,5.4,4.8,2.3,3.1,7.3999999999999995,3.5999999999999996,,,4.3,,,,,,,,3.5999999999999996,3.5000000000000004,2.0,3.5000000000000004,6.0,3.0,3.4000000000000004,4.3,4.0,7.6,4.6,4.9,5.79999999999999,3.5999999999999996,3.5999999999999996,5.59999999999999,3.5000000000000004,4.2,3.5000000000000004,4.3,3.1,4.2,3.2,3.0,1.9,3.3000000000000003,4.2,5.5,7.5,3.6999999999999997,6.2,6.2,4.9,4.2,2.79999999999999,2.79999999999999,4.6,3.6999999999999997,2.89999999999999,2.6,4.0,3.8,4.6,7.7
2019Q3,9.69999999999999,2.89999999999999,7.6,3.3000000000000003,4.09999999999999,2.3,8.19999999999999,6.0,7.7,5.5,6.0,2.6,9.1,8.7,5.5,6.2,10.6,9.2,7.1,4.5,4.8,5.8999999999999995,2.7,2.6,5.7,4.3999999999999995,3.8,4.3999999999999995,7.8,7.1,4.3999999999999995,5.1,3.6999999999999997,4.5,8.0,10.8,6.6000000000000005,5.2,5.7,5.79999999999999,3.3000000000000003,7.3999999999999995,5.79999999999999,7.6,8.4,1.5,5.8999999999999995,9.8,1.39999999999999,7.000000000000001,4.6,3.6999999999999997,8.3,3.4000000000000004,10.099999999999989,4.8,5.0,6.1,6.4,7.9,5.59999999999999,7.7,3.1,3.8,3.4000000000000004,4.6,11.69999999999999,6.800000000000001,5.79999999999999,8.5,11.599999999999989,7.199999999999999,12.4,,6.1,,6.5,8.9,,,,9.8,,3.1,,4.3999999999999995,8.4,,,,3.5000000000000004,9.2,3.5999999999999996,7.199999999999999,,3.5000000000000004,,,,7.3,6.4,3.1,3.5999999999999996,7.000000000000001,5.2,7.199999999999999,3.4000000000000004,5.7,8.3,8.0,7.199999999999999,5.7,5.59999999999999,5.1,9.6,7.6,7.3999999999999995,3.1,6.4,7.000000000000001,3.4000000000000004,2.89999999999999,10.4,3.5000000000000004,,,4.09999999999999,,,,,,,,5.0,4.3999999999999995,2.4,5.7,9.2,3.8,3.4000000000000004,5.7,4.0,10.7,6.5,6.5,8.0,4.0,5.3,7.5,3.0,5.59999999999999,4.3,4.7,3.5000000000000004,4.8,3.0,4.2,4.0,4.5,4.7,6.6000000000000005,10.4,5.2,8.19999999999999,7.9,5.79999999999999,4.8,2.79999999999999,2.89999999999999,4.7,4.2,4.2,2.7,5.4,5.5,6.6000000000000005,10.099999999999989
2019Q4,-5.0,2.1999999999999997,-2.3,0.6999999999999901,-0.1,5.8999999999999995,-4.3,-2.0,-1.6,-1.7000000000000002,-1.0999999999999999,0.8999999999999999,-2.89999999999999,-3.3000000000000003,-0.3,-2.1,-3.5999999999999996,-3.6999999999999997,-2.79999999999999,0.1,-1.2,-2.4,1.39999999999999,-0.2,-1.3,-0.1,-0.6999999999999901,0.1,-2.79999999999999,-3.1,-1.7999999999999998,-0.2,-0.1,-0.3,-3.6999999999999997,-4.2,-1.39999999999999,-2.4,-1.7000000000000002,-0.3,-1.0,-2.7,-1.0999999999999999,1.3,-1.39999999999999,0.5,-2.5,-4.3999999999999995,6.6000000000000005,-1.7999999999999998,1.3,0.8999999999999999,-2.89999999999999,1.7000000000000002,-2.6,-0.8,-1.0999999999999999,-3.1,-2.7,-3.4000000000000004,-3.3000000000000003,-4.3,1.3,1.0999999999999999,-0.8999999999999999,1.0,-5.7,-2.79999999999999,-2.6,-3.5999999999999996,-6.5,-2.79999999999999,-5.79999999999999,,-1.3,,-3.2,-4.3,,,,-3.5000000000000004,,2.1,,0.2,-2.0,,,,2.1,-3.0,2.1,-3.3000000000000003,,1.9,-1.39999999999999,,,-2.7,-2.0,0.2,-0.3,-2.1,-1.39999999999999,-2.5,1.0999999999999999,-1.6,-3.1,-4.8,-2.3,-0.8,-1.0,-0.5,-3.3000000000000003,-4.2,-3.3000000000000003,-0.8999999999999999,-2.5,-1.6,0.5,1.0,-3.5000000000000004,0.8,,,-1.0999999999999999,,,,,,,,0.5,-2.7,2.3,-0.4,-1.7999999999999998,1.2,-0.5,-3.6999999999999997,0.3,-3.6999999999999997,-1.2,-1.9,-3.8,0.1,-0.5,-3.6999999999999997,0.0,-1.2,0.8,-1.6,1.0,-0.3,2.5,-0.6999999999999901,1.7999999999999998,-0.8,-2.1,-1.2,-5.7,-1.0,-3.5000000000000004,-3.5000000000000004,-1.3,-0.6,2.5,1.6,-1.7000000000000002,-0.4,0.4,1.7000000000000002,-0.8,-0.1,-3.2,-5.2
2020Q1,-1.0,-10.4,-5.4,-8.9,-8.799999999999999,-15.2,-1.39999999999999,-3.0,-7.5,-3.0,-5.5,-8.799999999999999,-3.2,-2.6,-7.199999999999999,-4.3999999999999995,-1.5,-3.4000000000000004,-2.79999999999999,-8.19999999999999,-4.09999999999999,-3.8,-5.0,-3.8,-6.4,-8.1,-8.4,-9.69999999999999,-3.8,-3.2,-5.0,-8.5,-6.5,-7.1,-2.7,-2.4,-3.1,-1.7999999999999998,-4.6,-7.1,-2.7,-5.59999999999999,-5.0,-9.5,-6.800000000000001,-6.2,-4.6,-1.39999999999999,-20.7,-7.5,-10.6,-9.0,-3.0,-9.3,-6.0,-5.7,-7.000000000000001,-0.6999999999999901,-4.09999999999999,-2.7,-2.5,-3.0,-10.099999999999989,-10.2,-7.3999999999999995,-6.4,1.7999999999999998,-2.0,-2.1999999999999997,-6.2,1.39999999999999,-6.800000000000001,2.1,-5.8999999999999995,-7.7,,-3.5000000000000004,-3.9,-8.1,,,-1.0,,-9.6,,-5.1,-5.79999999999999,,,,-8.19999999999999,-1.7000000000000002,-10.2,-3.4000000000000004,,-8.7,-1.2,,0.8,-4.2,-3.9,-8.4,-8.19999999999999,-6.800000000000001,-4.5,-5.59999999999999,-7.000000000000001,-5.8999999999999995,-4.8,-1.5,-5.3,-5.59999999999999,-5.8999999999999995,-6.9,-4.8,-3.0,-3.5999999999999996,-2.3,-3.8,-6.2,-6.4,-8.3,-4.0,-5.5,,,-5.59999999999999,,,-8.6,,0.8,,,-10.0,-1.3,-10.8,-6.6000000000000005,-6.800000000000001,-7.5,-5.79999999999999,-0.1,-7.3,0.1,-6.4,-7.6,-1.0999999999999999,-5.59999999999999,-5.2,-1.0999999999999999,-8.799999999999999,-2.6,-10.4,-5.0,-7.199999999999999,-9.0,-11.1,-6.9,-10.299999999999999,-6.7,-2.0,-7.8,2.4,-4.9,-3.3000000000000003,-1.6,-6.2,-6.2,-8.9,-9.2,-5.4,-5.79999999999999,-8.799999999999999,-10.4,-7.1,-8.799999999999999,-2.1,-1.5
2020Q2,5.7,7.000000000000001,7.9,7.199999999999999,8.799999999999999,14.6,10.0,7.7,9.2,7.199999999999999,8.799999999999999,7.3,10.0,9.5,7.8,7.000000000000001,7.7,9.5,9.1,9.0,7.3,7.6,5.2,4.9,8.0,9.1,6.0,9.5,9.9,7.9,12.2,10.7,6.5,6.800000000000001,7.6,9.1,6.5,5.59999999999999,8.6,7.9,2.89999999999999,9.1,6.5,9.4,11.3,4.9,7.9,9.5,14.499999999999998,9.4,9.5,5.0,9.6,8.1,10.299999999999999,5.4,8.0,3.0,7.3999999999999995,11.19999999999999,5.8999999999999995,7.9,8.0,7.6,7.6,7.9,9.6,7.5,6.0,9.8,8.19999999999999,9.5,9.69999999999999,10.299999999999999,8.799999999999999,,6.9,8.5,9.9,,,9.9,,8.6,,7.1,8.799999999999999,,,,10.2,10.2,7.8,8.0,,8.6,10.0,,6.5,7.000000000000001,6.3,9.2,7.6,9.9,4.3,8.7,7.199999999999999,8.4,10.299999999999999,5.7,8.3,8.5,7.5,6.4,11.69999999999999,7.8,7.8,3.2,7.8,9.2,5.59999999999999,7.7,10.6,7.199999999999999,,,7.7,,,9.3,,5.79999999999999,,,10.099999999999989,3.8,8.0,9.2,11.5,6.6000000000000005,7.000000000000001,7.8,7.3,7.7,9.4,9.1,8.1,6.5,7.5,6.7,7.3999999999999995,6.4,9.3,6.800000000000001,4.0,8.1,10.8,8.0,8.6,6.0,5.4,10.6,7.199999999999999,6.6000000000000005,7.9,8.4,9.2,8.1,8.1,8.9,7.199999999999999,7.5,7.000000000000001,8.19999999999999,8.3,6.7,8.6,9.9
2020Q3,1.3,2.79999999999999,1.7000000000000002,2.1999999999999997,2.1,5.3,2.5,2.79999999999999,2.4,2.5,3.2,1.7999999999999998,2.4,2.3,2.79999999999999,1.6,1.7999999999999998,2.7,3.1,3.0,3.0,2.79999999999999,2.5,1.9,2.1,2.1999999999999997,2.0,2.89999999999999,3.0,2.6,3.3000000000000003,3.5000000000000004,1.5,2.0,2.3,2.1,2.1,2.0,2.6,1.7999999999999998,1.6,2.7,2.1999999999999997,3.5999999999999996,2.3,1.0999999999999999,1.7000000000000002,3.3000000000000003,3.0,3.2,2.7,0.8999999999999999,3.0,2.3,2.79999999999999,1.9,2.1999999999999997,1.7000000000000002,2.5,3.8,2.0,3.9,3.0,3.0,2.6,2.79999999999999,3.1,4.5,1.6,2.6,2.7,2.5,2.0,2.3,2.7,,2.1,2.5,2.7,2.3,,2.4,,2.5,,2.4,1.9,,,,3.0,2.89999999999999,2.1999999999999997,2.3,,2.5,3.8,,2.1999999999999997,1.7000000000000002,1.7000000000000002,4.0,1.6,2.5,0.6,2.7,2.89999999999999,1.7999999999999998,3.5000000000000004,1.7000000000000002,2.5,2.79999999999999,3.5999999999999996,2.1999999999999997,3.6999999999999997,3.9,2.3,1.39999999999999,2.7,3.2,1.6,2.6,2.79999999999999,2.6,,,3.0,,,2.4,,1.39999999999999,1.5,,2.4,2.0,3.1,2.3,2.4,2.89999999999999,2.89999999999999,2.89999999999999,2.7,2.79999999999999,3.6999999999999997,2.5,2.1,1.7999999999999998,1.9,2.3,0.8999999999999999,4.3999999999999995,2.5,2.89999999999999,2.3,2.89999999999999,3.6999999999999997,2.5,2.5,2.3,1.7999999999999998,3.3000000000000003,1.6,1.7000000000000002,2.5,1.9,2.5,2.1999999999999997,3.2,2.5,3.9,2.7,2.7,3.5000000000000004,1.7000000000000002,2.6,2.1999999999999997,3.1
2020Q4,3.3000000000000003,6.6000000000000005,5.0,5.3,5.4,10.0,4.6,4.7,5.59999999999999,4.6,5.79999999999999,4.6,5.4,4.2,5.3,4.8,4.6,5.4,5.0,5.3,4.0,4.5,4.8,2.89999999999999,4.9,5.59999999999999,5.0,6.1,4.7,4.3,5.4,6.3,3.8,5.3,3.2,5.1,4.3999999999999995,2.89999999999999,4.6,5.4,2.1,5.3,5.2,7.000000000000001,6.5,2.89999999999999,1.0,5.3,10.299999999999999,6.4,6.9,5.4,4.9,6.1,7.1,4.0,5.1,3.2,3.5999999999999996,6.2,3.8,5.7,6.1,6.0,6.7,5.2,4.3999999999999995,4.5,3.1,5.8999999999999995,4.5,5.8999999999999995,4.2,5.0,5.7,,4.09999999999999,5.59999999999999,5.1,4.6,4.0,4.3999999999999995,,6.3,,4.5,4.9,,,,6.6000000000000005,5.1,6.2,5.1,,4.9,6.2,,3.4000000000000004,3.8,4.7,6.2,4.8,6.2,5.5,4.5,4.9,5.5,6.4,3.8,4.6,5.0,4.9,4.8,6.3,5.59999999999999,5.0,2.5,4.6,6.2,3.6999999999999997,5.5,5.7,4.3999999999999995,,,4.7,,,5.8999999999999995,,2.5,2.5,,6.2,2.5,6.5,5.4,6.0,5.3,4.6,5.2,5.79999999999999,4.09999999999999,6.1,5.5,4.0,3.6999999999999997,4.7,3.5000000000000004,5.2,2.6,5.8999999999999995,4.9,4.7,5.3,7.000000000000001,4.7,5.7,6.3,3.0,6.5,2.79999999999999,3.5000000000000004,5.0,3.8,4.6,4.3999999999999995,5.59999999999999,6.7,5.1,4.7,5.79999999999999,6.5,5.4,5.59999999999999,4.5,4.6
2021Q1,-3.3000000000000003,2.1,-2.79999999999999,0.1,-0.3,6.5,-5.7,-2.79999999999999,-2.4,-3.3000000000000003,-2.6,0.8999999999999999,-3.1,-3.1,0.5,-2.7,-7.000000000000001,-4.8,-4.0,-1.0,-1.6,-2.79999999999999,1.0999999999999999,-0.2,-2.1,-1.0,1.9,-0.8,-3.8,-3.4000000000000004,-4.09999999999999,-2.1,-2.3,0.5,-4.6,-5.2,-1.7999999999999998,-2.79999999999999,-1.7999999999999998,-0.8999999999999999,0.4,-4.09999999999999,-1.5,1.39999999999999,-3.2,0.5,-5.4,-5.8999999999999995,6.9,-1.7000000000000002,0.3,1.6,-2.0,2.1999999999999997,-4.09999999999999,-1.39999999999999,-0.4,-1.6,-3.3000000000000003,-3.6999999999999997,-2.4,-4.7,1.3,3.1,0.6,0.0,-7.5,-4.2,-4.5,-4.0,-12.8,-3.1,-8.0,-3.9,-1.5,,-3.0,-4.9,-3.5000000000000004,-5.4,-2.89999999999999,-5.8999999999999995,,2.1999999999999997,,-1.0999999999999999,-2.5,,,,0.8999999999999999,-4.7,2.3,-2.5,,0.8,-5.79999999999999,,-5.5,-3.5000000000000004,-1.7999999999999998,-0.6,0.6,-1.0,1.7999999999999998,-5.1,0.6999999999999901,-0.8,-4.2,-4.8,-3.9,-2.6,-0.8,-1.2,-5.1,-4.3999999999999995,-2.6,-1.7999999999999998,-3.3000000000000003,-1.9,0.6999999999999901,-0.1,-3.9,-2.1999999999999997,,,-1.0999999999999999,,,-0.4,,-4.8,-2.79999999999999,,1.39999999999999,-2.6,1.7000000000000002,-1.5,-4.3,1.2,-0.6,-4.7,0.2,-4.7,-1.7000000000000002,-1.9,-4.3,1.5,0.0,-5.0,1.7999999999999998,-1.39999999999999,1.3,-2.1999999999999997,2.1,-1.3,0.8,-0.8,0.8999999999999999,-1.0,-2.5,-2.0,-6.800000000000001,-0.8,-3.9,-4.7,-2.3,-1.3,1.7000000000000002,1.0999999999999999,-1.9,-0.8999999999999999,0.8,0.8,-1.2,-1.3,-4.0,-5.8999999999999995
2021Q2,1.0999999999999999,4.6,2.89999999999999,3.5999999999999996,2.1,5.4,3.0,2.7,4.09999999999999,2.0,3.1,1.9,3.6999999999999997,2.4,2.7,2.79999999999999,2.79999999999999,2.89999999999999,2.89999999999999,3.0,2.3,1.9,3.5999999999999996,2.0,2.3,2.79999999999999,0.8999999999999999,3.1,2.6,1.7999999999999998,2.7,3.5999999999999996,2.3,3.0,1.6,3.0,2.1999999999999997,1.2,2.79999999999999,2.5,1.0999999999999999,2.6,2.6,5.0,3.3000000000000003,2.0,1.39999999999999,2.5,4.2,3.4000000000000004,3.9,3.1,3.5999999999999996,3.0,3.9,1.5,2.7,1.7000000000000002,1.9,3.5999999999999996,1.39999999999999,2.1,4.3,3.6999999999999997,3.6999999999999997,3.3000000000000003,2.89999999999999,1.6,2.0,3.8,2.7,3.6999999999999997,2.7,2.89999999999999,3.4000000000000004,,2.3,3.1,3.0,2.7,2.5,2.3,,3.2,,2.4,3.2,,,,3.8,3.1,2.89999999999999,3.3000000000000003,,2.5,3.2,,2.0,2.3,2.1,2.89999999999999,2.89999999999999,3.0,2.7,3.2,4.09999999999999,2.1,3.5000000000000004,1.6,3.4000000000000004,2.89999999999999,2.3,2.6,3.5000000000000004,2.1,3.1,1.7000000000000002,2.3,4.09999999999999,2.79999999999999,3.3000000000000003,3.8,2.3,,,2.1,,,3.2,,1.5,1.9,,3.4000000000000004,0.3,4.3,3.2,3.5999999999999996,2.6,2.3,2.79999999999999,2.7,2.6,3.3000000000000003,3.2,2.5,1.0999999999999999,2.79999999999999,1.39999999999999,2.0,2.79999999999999,3.6999999999999997,2.1,2.79999999999999,2.89999999999999,4.2,2.4,3.2,4.0,1.6,4.3999999999999995,1.7999999999999998,2.1999999999999997,3.1,2.3,2.7,2.6,2.89999999999999,3.4000000000000004,1.7000000000000002,2.5,3.5000000000000004,2.89999999999999,2.89999999999999,3.6999999999999997,2.6,2.1999999999999997
2021Q3,-0.3,1.0999999999999999,0.1,0.3,-0.6,0.1,-0.3,0.4,0.6,-0.8,0.2,-1.0,0.2,0.4,0.3,0.5,0.0,0.3,0.0,0.3,0.6999999999999901,-0.2,1.2,-0.2,-0.3,-0.1,0.8999999999999999,-0.2,-0.1,-0.2,-0.3,-0.3,0.2,1.39999999999999,0.5,0.1,0.6999999999999901,-0.4,0.2,-0.1,0.2,-0.3,1.2,0.6999999999999901,-0.3,-0.1,0.0,-0.2,2.4,-0.8,0.3,2.3,0.3,0.6999999999999901,0.5,0.3,0.2,4.0,0.2,-0.1,2.89999999999999,0.1,0.8999999999999999,3.3000000000000003,0.8,0.8,0.1,0.8,-0.1,0.6,0.6,0.1,-0.3,-0.5,0.5,-3.4000000000000004,0.2,0.1,-0.2,-0.1,0.3,-0.1,,1.0999999999999999,,1.3,0.5,,,,1.2,-0.3,1.7999999999999998,1.2,,1.0999999999999999,0.1,,0.2,-0.1,0.1,-0.3,0.4,-0.1,1.7000000000000002,-0.5,1.0,0.4,0.4,0.1,1.0,0.5,0.8,0.2,-0.2,0.1,0.4,0.6,0.0,0.4,0.8999999999999999,-0.3,0.4,1.0999999999999999,,,0.0,,0.4,-0.1,,-0.2,0.1,,1.3,0.0,0.8999999999999999,0.5,-0.1,0.6999999999999901,0.4,1.0999999999999999,0.8999999999999999,0.5,0.0,-0.3,-0.1,0.2,0.3,-0.6,0.1,0.6999999999999901,0.4,0.2,2.0,-0.1,-0.1,0.2,1.0999999999999999,1.7000000000000002,-0.1,0.8,0.0,0.8,0.2,-0.2,0.2,1.0999999999999999,0.6,-0.1,0.0,0.1,1.2,-0.3,0.2,1.3,0.3,0.5
2021Q4,1.6,4.2,3.2,2.6,1.7000000000000002,5.7,2.5,2.79999999999999,3.8,2.1,3.2,1.2,3.6999999999999997,2.6,3.6999999999999997,3.3000000000000003,2.0,2.5,2.6,3.2,3.0,2.1,3.6999999999999997,1.7999999999999998,3.1,2.6,2.4,2.4,2.3,1.9,2.6,3.1,1.7999999999999998,3.9,1.9,3.5000000000000004,2.3,0.5,3.1,2.89999999999999,1.6,2.1999999999999997,3.0,4.09999999999999,3.2,0.5,1.6,2.0,2.89999999999999,1.9,4.3,4.7,3.1,2.1,4.2,2.79999999999999,3.1,3.5000000000000004,2.0,3.6999999999999997,4.2,3.0,3.8,5.2,3.6999999999999997,3.1,2.7,3.0,1.9,3.3000000000000003,2.3,3.4000000000000004,2.4,3.0,3.6999999999999997,2.1999999999999997,2.0,3.3000000000000003,3.0,2.3,2.1,1.7999999999999998,,3.5999999999999996,-0.4,2.7,3.3000000000000003,,-0.6,0.4,4.0,2.6,3.6999999999999997,4.3,,2.6,3.2,,1.5,3.0,2.1999999999999997,3.5999999999999996,3.5000000000000004,3.6999999999999997,3.9,3.3000000000000003,3.9,2.4,2.79999999999999,2.89999999999999,3.5000000000000004,3.2,3.9,2.5,3.5999999999999996,2.89999999999999,4.0,2.5,2.89999999999999,3.4000000000000004,3.3000000000000003,3.2,3.2,2.3,,,2.79999999999999,,4.3,3.3000000000000003,,1.3,2.0,,3.6999999999999997,1.0,4.0,3.4000000000000004,3.9,2.89999999999999,2.3,2.7,4.3,2.5,3.4000000000000004,3.6999999999999997,2.3,2.6,3.4000000000000004,2.79999999999999,2.0,3.2,4.3,2.89999999999999,2.5,3.4000000000000004,4.09999999999999,1.6,3.3000000000000003,3.5999999999999996,1.39999999999999,3.9,1.39999999999999,2.5,2.1999999999999997,3.5000000000000004,2.4,2.4,3.5999999999999996,3.0,2.6,2.79999999999999,4.0,2.6,3.5000000000000004,4.3999999999999995,2.1,4.09999999999999
2022Q1,-7.8,-3.9,-7.3999999999999995,-4.09999999999999,-7.3999999999999995,-5.1,-10.8,-6.7,-9.4,-6.2,-8.0,-6.1,-8.9,-9.3,-4.7,-8.0,-10.5,-10.4,-9.8,-5.79999999999999,-4.3999999999999995,-8.4,-6.9,-3.6999999999999997,-7.1,-7.7,-5.3,-6.800000000000001,-8.6,-7.3999999999999995,-9.4,-8.1,-7.000000000000001,-5.2,-8.799999999999999,-9.1,-7.8,-8.0,-6.800000000000001,-7.1,-5.0,-8.5,-6.7,-2.89999999999999,-9.3,-5.1,-8.5,-10.9,-8.0,-9.69999999999999,-6.7,-0.8,-7.3,-5.7,-9.2,-7.6,-6.5,-2.89999999999999,-6.4,-10.0,-4.3999999999999995,-9.0,-4.3999999999999995,-1.7000000000000002,-6.7,-9.2,-10.7,-9.4,-7.3,-8.1,-14.000000000000002,-7.000000000000001,-10.5,-9.8,-8.1,-8.6,-7.3999999999999995,-11.5,-10.0,-8.5,-7.199999999999999,-7.000000000000001,,-7.000000000000001,-9.2,-9.1,-7.3999999999999995,,-9.4,-7.1,-10.9,-9.2,-2.4,-6.6000000000000005,,-6.9,-10.299999999999999,-8.1,-7.8,-9.0,-10.5,-7.1,-5.79999999999999,-8.3,-4.0,-10.7,-5.79999999999999,-6.5,-9.4,-7.5,-9.0,-7.9,-5.8999999999999995,-6.0,-11.1,-8.7,-7.1,-4.8,-9.1,-8.19999999999999,-3.2,-8.5,-9.2,-9.69999999999999,,,-6.9,,-8.3,-7.3,,-10.2,-7.3,,-6.4,-6.800000000000001,-5.1,-7.000000000000001,-10.099999999999989,-6.2,-5.8999999999999995,-8.4,-6.0,-10.299999999999999,-7.3,-6.6000000000000005,-8.5,-4.6,-5.2,-9.69999999999999,-6.4,-5.8999999999999995,-5.2,-6.5,-4.9,-6.6000000000000005,-6.9,-8.6,-5.0,-5.3,-6.800000000000001,-8.799999999999999,-10.2,-5.4,-9.0,-8.9,-8.19999999999999,-6.4,-4.8,-5.79999999999999,-7.3,-6.0,-6.4,-5.3,-7.3,-6.9,-8.4,-10.299999999999999
2022Q2,-12.7,-8.4,-13.69999999999999,-10.7,-9.6,-11.4,-17.4,-12.2,-16.89999999999999,-9.4,-13.600000000000001,-7.000000000000001,-15.8,-14.299999999999999,-9.6,-13.3,-18.0,-16.0,-18.4,-11.599999999999989,-9.9,-13.600000000000001,-9.6,-7.1,-13.200000000000001,-14.099999999999998,-7.5,-11.19999999999999,-15.8,-13.4,-14.6,-15.1,-11.799999999999999,-10.4,-14.099999999999998,-16.0,-12.3,-11.799999999999999,-12.0,-11.69999999999999,-7.3,-14.6,-10.6,-11.69999999999999,-14.799999999999999,-7.1,-14.399999999999999,-17.1,-12.4,-17.8,-10.5,-5.1,-12.8,-8.3,-16.399999999999988,-10.0,-11.799999999999999,-12.4,-12.3,-18.099999999999998,-13.3,-15.4,-9.2,-8.9,-12.4,-13.900000000000002,-16.8,-14.099999999999998,-10.8,-15.1,-23.9,-13.900000000000002,-17.7,-16.5,-12.6,-15.2,-13.0,-18.2,-15.9,-15.0,-13.3,-12.4,,-14.499999999999998,-16.5,-17.299999999999997,-12.7,,-16.89999999999999,-12.4,-18.4,-15.9,-7.7,-13.100000000000001,,-13.8,-16.89999999999999,-15.4,-13.69999999999999,-14.2,-19.0,-12.8,-10.7,-14.299999999999999,-6.0,-19.2,-9.5,-10.9,-14.7,-13.4,-15.8,-13.3,-15.299999999999999,-9.6,-20.1,-14.799999999999999,-14.499999999999998,-7.9,-15.4,-17.4,-8.7,-14.000000000000002,-15.6,-18.4,,,-12.9,,-17.1,-12.9,,-15.1,-10.5,,-10.4,-10.2,-12.4,-14.499999999999998,-16.8,-9.8,-10.299999999999999,-15.1,-9.2,-18.6,-13.5,-12.9,-15.6,-9.4,-11.3,-15.2,-8.4,-9.3,-10.099999999999989,-11.69999999999999,-10.6,-11.4,-13.5,-12.8,-9.1,-11.19999999999999,-10.6,-14.2,-16.0,-9.4,-13.8,-13.8,-13.600000000000001,-9.8,-10.4,-9.2,-12.5,-11.1,-11.69999999999999,-10.8,-14.099999999999998,-11.5,-13.100000000000001,-17.599999999999998
2022Q3,-6.1,-5.3,-4.7,-5.59999999999999,-4.09999999999999,-1.9,-6.7,-4.2,-6.5,-5.1,-5.0,-4.8,-6.1,-4.9,-4.5,-4.3999999999999995,-6.5,-6.0,-7.199999999999999,-4.09999999999999,-3.6999999999999997,-5.2,-4.5,-3.0,-6.1,-5.8999999999999995,-2.89999999999999,-4.7,-5.4,-4.8,-5.79999999999999,-6.800000000000001,-4.5,-3.5000000000000004,-4.3999999999999995,-5.0,-4.0,-6.7,-2.1999999999999997,-2.89999999999999,-2.79999999999999,-5.79999999999999,-4.3,-4.9,-4.9,-2.89999999999999,-7.000000000000001,-6.6000000000000005,-5.4,-7.3,-4.09999999999999,-1.2,-4.0,-3.1,-5.7,-4.2,-3.5000000000000004,-6.4,-3.5999999999999996,-5.5,-4.6,-5.1,-3.0,-2.3,-4.7,-4.2,-7.199999999999999,-5.0,-3.5999999999999996,-5.7,-8.9,-4.3999999999999995,-6.3,-7.000000000000001,-5.3,-5.59999999999999,-5.3,-6.7,-5.8999999999999995,-5.7,-5.79999999999999,-5.0,,-4.6,-6.9,-6.5,-2.0,,-6.800000000000001,-5.2,-6.0,-6.1,-1.3,-7.8,,-4.9,-5.79999999999999,-4.5,-5.79999999999999,-5.7,-6.0,-6.1,-3.4000000000000004,-5.59999999999999,-1.9,-6.1,-2.5,-3.8,-5.5,-4.5,-5.7,-4.6,-4.0,-3.1,-6.6000000000000005,-4.9,-5.59999999999999,-4.0,-5.8999999999999995,-6.9,-4.0,-6.4,-4.3999999999999995,-6.0,,,-4.7,,-5.79999999999999,-5.79999999999999,,-6.2,-4.8,,-3.8,-5.2,-6.6000000000000005,-4.3999999999999995,-4.9,-3.0,-4.09999999999999,-7.6,-3.5999999999999996,-6.2,-5.59999999999999,-4.3999999999999995,-5.7,-4.2,-5.1,-6.0,-4.7,-4.9,-5.2,-5.59999999999999,-4.3,-4.2,-5.1,-5.7,-4.3,-4.09999999999999,-5.4,-5.8999999999999995,-5.2,-4.0,-4.6,-5.0,-4.8,-3.3000000000000003,-3.9,-4.09999999999999,-5.5,-5.8999999999999995,-4.7,-4.5,-4.9,-5.3,-5.4,-6.1
2022Q4,-1.0,-1.2,-0.8,0.6,0.3,2.1999999999999997,2.0,-0.6,0.4,1.7000000000000002,0.2,1.6,0.6999999999999901,0.0,0.5,-0.4,0.0,0.4,-0.3,-1.0999999999999999,-1.39999999999999,-1.2,-2.1999999999999997,1.6,1.7999999999999998,1.9,-1.3,0.5,0.6,0.2,1.39999999999999,2.1,0.0,0.1,-1.39999999999999,0.6999999999999901,-1.3,-0.4,1.6,-0.6,-0.2,0.8999999999999999,-0.8999999999999999,1.9,1.7000000000000002,0.8,0.6,0.1,5.8999999999999995,2.1999999999999997,0.6,-2.5,1.3,2.1,0.5,-0.5,0.1,0.6999999999999901,1.6,1.6,0.3,-2.1999999999999997,-1.2,-1.0,0.0,0.6999999999999901,-0.6999999999999901,-0.6,-1.9,1.5,-0.4,1.3,0.8,1.39999999999999,0.8999999999999999,0.6,0.2,-0.2,0.8,0.6,0.1,0.8999999999999999,,1.6,1.7000000000000002,0.6,-0.1,,1.5,0.5,1.2,1.5,0.8999999999999999,-0.2,,0.8,0.4,0.5,-0.6,-0.6999999999999901,-1.0,1.5,0.8999999999999999,1.0999999999999999,-6.1,0.8999999999999999,-0.1,-0.8999999999999999,-0.2,-1.9,0.4,0.6999999999999901,0.3,0.4,1.7999999999999998,-4.3999999999999995,0.8,-3.1,-0.3,1.6,1.39999999999999,1.39999999999999,0.1,1.39999999999999,,,1.0999999999999999,,1.39999999999999,1.9,,-1.5,0.3,,-0.5,-2.1,0.8999999999999999,-0.8999999999999999,1.5,1.0,-0.8,0.0,0.3,0.6,0.0,3.3000000000000003,1.0999999999999999,1.0999999999999999,0.8999999999999999,-0.3,3.1,-0.6999999999999901,0.1,-1.39999999999999,0.0,1.0999999999999999,2.7,0.0,1.6,0.4,1.0,1.7000000000000002,0.1,0.1,-0.8999999999999999,0.8,1.0999999999999999,-0.4,0.3,1.6,-0.2,0.4,-1.3,2.1,-0.3,-0.3,0.5,-1.6
2023Q1,1.5,2.3,2.4,1.9,3.1,5.79999999999999,2.1,2.5,3.5999999999999996,2.6,3.3000000000000003,2.89999999999999,2.3,1.0999999999999999,1.2,1.6,1.0,2.79999999999999,2.0,3.5999999999999996,2.1,2.1,1.39999999999999,2.5,2.0,2.4,1.0999999999999999,2.3,3.3000000000000003,2.7,2.5,3.6999999999999997,1.7999999999999998,1.5,1.7999999999999998,1.7000000000000002,2.3,2.4,3.2,2.89999999999999,1.9,2.7,0.3,2.4,2.5,2.4,3.3000000000000003,3.5999999999999996,7.199999999999999,3.2,2.89999999999999,0.1,2.3,3.5999999999999996,1.5,1.9,1.9,1.7000000000000002,0.8,3.2,1.6,2.4,1.3,2.4,1.9,1.6,0.6999999999999901,2.3,2.1,2.5,2.1999999999999997,2.5,1.2,3.2,3.0,2.7,2.5,3.1,3.2,1.3,2.1999999999999997,2.1,,2.79999999999999,3.0,2.5,1.7999999999999998,,2.89999999999999,2.79999999999999,3.3000000000000003,2.1999999999999997,1.7000000000000002,1.9,2.89999999999999,2.79999999999999,3.1,1.3,1.9,2.0,1.5,3.8,2.3,4.0,-0.4,2.5,3.1,3.2,2.3,2.79999999999999,2.1,2.4,2.3,2.1,2.6,2.7,3.3000000000000003,1.6,3.4000000000000004,2.4,2.89999999999999,3.0,2.4,2.6,,,3.2,,4.2,3.8,,2.7,2.5,,3.5000000000000004,2.89999999999999,2.1999999999999997,2.1999999999999997,2.79999999999999,1.9,3.0,1.7000000000000002,2.4,2.6,2.7,1.7999999999999998,2.4,3.1,2.5,1.7999999999999998,6.0,0.5,2.1,3.2,1.2,2.3,2.79999999999999,2.89999999999999,2.0,3.0,2.89999999999999,3.9,1.7999999999999998,2.3,1.0,0.8999999999999999,2.6,2.0,1.7999999999999998,2.79999999999999,3.9,3.5000000000000004,1.6,2.5,2.1,1.6,2.1999999999999997,3.5999999999999996
2023Q2,0.8,1.0999999999999999,1.5,1.7000000000000002,0.5,4.7,2.1,1.3,1.39999999999999,0.6999999999999901,2.6,1.7000000000000002,2.1999999999999997,1.5,1.3,2.3,0.8,1.7000000000000002,1.2,2.79999999999999,1.7999999999999998,2.1,0.6999999999999901,2.1,2.0,2.4,0.8,1.6,1.7999999999999998,1.2,2.3,2.1,1.0,2.0,1.2,2.0,0.8,0.5,2.79999999999999,1.6,2.4,1.0,0.4,2.4,2.89999999999999,1.5,1.2,1.7999999999999998,3.2,2.79999999999999,1.6,2.1999999999999997,2.1,2.4,1.7000000000000002,0.8999999999999999,2.0,0.4,1.5,1.39999999999999,0.8,1.39999999999999,1.5,1.6,1.7999999999999998,1.6,0.5,1.39999999999999,0.5,1.0,0.0,1.0999999999999999,1.6,1.7999999999999998,0.8999999999999999,2.3,0.8,0.8,2.1,1.5,0.5,1.7999999999999998,,2.89999999999999,2.3,1.9,1.9,,1.9,1.9,2.89999999999999,2.5,1.5,0.8999999999999999,2.3,2.1999999999999997,1.7999999999999998,2.4,0.4,1.7000000000000002,1.3,2.79999999999999,2.79999999999999,2.5,-0.1,1.3,1.5,1.5,1.0999999999999999,1.5,1.0,1.3,2.3,1.0,3.1,1.39999999999999,1.5,0.2,2.1,1.9,1.0,1.6,2.0,1.6,1.7999999999999998,,2.4,,3.0,1.5,,0.8,0.8999999999999999,,3.3000000000000003,0.6,0.8,0.5,3.1,0.8999999999999999,2.1999999999999997,0.8999999999999999,1.39999999999999,1.0999999999999999,1.9,2.3,1.7999999999999998,3.4000000000000004,1.2,0.6999999999999901,1.0,0.2,2.4,2.1,1.0,1.9,3.2,1.3,1.39999999999999,1.7000000000000002,1.7000000000000002,1.7999999999999998,0.6,1.0,0.5,2.1999999999999997,2.0,1.39999999999999,1.9,1.39999999999999,2.3,1.9,1.3,1.9,2.7,1.5,0.3,1.7999999999999998
2023Q3,-5.1,-3.6999999999999997,-5.7,-4.09999999999999,-3.8,-2.89999999999999,-7.3999999999999995,-5.7,-6.1,-3.6999999999999997,-4.8,-2.1,-5.4,-6.0,-5.79999999999999,-6.3,-5.8999999999999995,-5.7,-7.3999999999999995,-3.6999999999999997,-3.5000000000000004,-5.1,-4.6,-2.1999999999999997,-5.2,-6.0,-1.7999999999999998,-3.3000000000000003,-5.2,-4.3,-4.8,-4.3999999999999995,-3.8,-4.09999999999999,-4.6,-6.0,-5.2,-4.9,-3.3000000000000003,-2.79999999999999,-1.0999999999999999,-4.2,-5.2,-3.0,-4.5,-0.8,-4.8,-4.8,-2.1,-5.1,-4.2,-1.3,-3.5999999999999996,-2.1999999999999997,-6.4,-4.0,-2.89999999999999,-4.5,-4.3,-4.5,-5.3,-5.8999999999999995,-2.1,-3.8,-4.5,-4.2,-8.7,-5.8999999999999995,-4.0,-3.9,-8.19999999999999,-3.1,-6.6000000000000005,-5.5,-4.8,-5.3,-3.3000000000000003,-7.6,-5.7,-5.1,-4.3,-3.8,,-4.2,-6.2,-6.1,-2.7,,-6.5,-3.6999999999999997,-5.79999999999999,-5.59999999999999,-2.89999999999999,-4.3999999999999995,-2.3,-4.9,-5.7,-4.7,-5.0,-4.7,-6.3,-4.3,-3.5000000000000004,-4.9,-4.09999999999999,-5.0,-3.6999999999999997,-4.0,-5.7,-5.5,-5.4,-4.9,-4.7,-1.7999999999999998,-6.4,-8.3,-5.7,-3.6999999999999997,-5.1,-5.7,-2.1999999999999997,-4.8,-6.3,-4.8,-3.1,,-3.5999999999999996,-3.6999999999999997,-5.0,-4.6,,-6.5,-4.8,,-3.2,-3.2,-5.7,-6.0,-5.2,-3.4000000000000004,-3.5999999999999996,-6.9,-4.0,-8.3,-4.2,-3.4000000000000004,-4.5,-2.1999999999999997,-4.2,-5.59999999999999,-3.2,-4.7,-4.7,-4.9,-4.6,-3.2,-4.09999999999999,-4.3,-3.1,-4.3999999999999995,-2.89999999999999,-4.5,-5.5,-3.6999999999999997,-5.7,-6.5,-3.6999999999999997,-3.2,-4.2,-3.4000000000000004,-3.8,-5.5,-4.3,-1.6,-5.5,-4.2,-4.2,-6.0
2023Q4,10.8,9.69999999999999,11.799999999999999,10.4,9.3,9.5,14.099999999999998,11.19999999999999,12.9,8.5,9.69999999999999,9.3,12.2,13.100000000000001,12.5,11.799999999999999,12.3,11.599999999999989,14.099999999999998,9.0,8.5,10.5,10.7,9.2,11.899999999999999,13.4,5.5,9.3,10.5,10.099999999999989,11.19999999999999,11.4,8.6,5.7,10.299999999999999,11.899999999999999,10.4,9.9,8.7,7.8,6.1,10.7,9.3,9.6,10.5,5.3,10.9,11.3,7.3999999999999995,12.3,9.0,7.3999999999999995,8.1,7.3,14.099999999999998,8.19999999999999,7.9,6.3,9.2,10.2,7.8,12.4,7.5,6.5,10.099999999999989,8.7,15.2,10.8,9.4,8.7,14.499999999999998,7.8,11.69999999999999,11.69999999999999,10.0,10.5,8.0,13.100000000000001,12.4,10.2,9.6,8.9,16.89999999999999,9.4,13.4,12.1,7.1,,13.100000000000001,9.0,11.69999999999999,11.3,6.9,9.8,7.8,10.7,12.1,10.5,10.7,10.9,12.3,12.0,10.299999999999999,10.5,6.4,11.0,7.5,9.69999999999999,11.4,10.6,11.19999999999999,10.099999999999989,10.2,8.0,13.200000000000001,15.8,13.100000000000001,6.1,11.19999999999999,11.3,7.1,12.2,10.5,9.9,8.1,,8.9,10.2,11.899999999999999,10.7,,12.1,10.4,,9.4,8.1,13.69999999999999,10.6,11.19999999999999,8.19999999999999,7.8,12.8,8.1,14.2,9.0,8.799999999999999,10.9,6.9,9.9,10.5,7.3999999999999995,9.0,11.4,10.099999999999989,9.4,9.0,10.2,10.7,7.8,11.4,8.5,11.69999999999999,10.9,9.0,10.4,13.3,9.4,8.4,9.6,8.3,7.3999999999999995,12.0,10.099999999999989,7.9,12.4,9.5,8.9,11.5
2024Q1,1.2,2.5,2.7,2.7,2.4,7.8,4.2,2.89999999999999,3.5000000000000004,2.3,3.5000000000000004,2.79999999999999,3.2,2.5,3.0,3.1,2.6,3.5000000000000004,2.5,3.0,2.1999999999999997,2.5,2.1,2.89999999999999,2.89999999999999,3.1,0.1,2.1999999999999997,2.89999999999999,1.5,2.6,3.0,2.0,3.3000000000000003,2.3,3.2,2.79999999999999,0.2,4.5,3.3000000000000003,3.2,2.5,1.5,4.5,4.2,1.7999999999999998,3.1,2.79999999999999,4.3999999999999995,4.7,4.2,4.9,4.5,3.5000000000000004,3.5000000000000004,1.0,3.5000000000000004,-0.6,4.2,4.9,0.1,1.9,3.0,2.1,2.5,2.89999999999999,3.0,3.3000000000000003,1.0999999999999999,4.0,2.1999999999999997,3.9,2.79999999999999,2.7,2.89999999999999,2.79999999999999,2.3,2.6,3.8,2.89999999999999,2.4,2.3,2.1999999999999997,3.0,3.6999999999999997,2.1,4.09999999999999,,3.9,2.4,3.5999999999999996,3.1,2.6,2.89999999999999,3.6999999999999997,2.1999999999999997,3.5999999999999996,3.3000000000000003,1.7999999999999998,3.0,3.5999999999999996,3.5000000000000004,3.3000000000000003,4.2,2.1,2.89999999999999,4.0,2.79999999999999,2.7,2.3,2.0,2.5,,1.3,4.3,1.7999999999999998,2.7,0.8999999999999999,2.0,3.4000000000000004,2.79999999999999,3.3000000000000003,3.6999999999999997,1.9,2.3,3.0,2.1999999999999997,3.2,3.1,3.1,2.1,1.9,2.5,1.7999999999999998,3.5999999999999996,0.3,1.7999999999999998,1.3,5.0,2.1,2.1,1.2,2.89999999999999,3.1,3.5999999999999996,4.8,3.0,3.5000000000000004,1.7000000000000002,2.79999999999999,3.2,2.0,3.2,2.7,0.4,3.6999999999999997,4.7,2.4,3.1,2.1999999999999997,2.1999999999999997,3.2,1.6,1.5,2.7,3.5000000000000004,3.5000000000000004,2.79999999999999,4.3,3.1,2.79999999999999,2.0,2.4,2.7,4.2,1.7000000000000002,1.7999999999999998,1.7999999999999998
2024Q2,-2.0,-0.6999999999999901,-1.2,-0.5,-0.3,1.39999999999999,-1.2,-1.0999999999999999,-0.8999999999999999,-0.5,0.3,0.0,-1.0,-1.7000000000000002,-1.3,-0.8999999999999999,-1.3,-1.0,-1.7000000000000002,0.4,-0.3,-1.0999999999999999,-1.5,-2.79999999999999,-1.0,-1.2,-1.0999999999999999,-0.6999999999999901,-0.5,-1.39999999999999,-0.6,-0.1,-0.8999999999999999,0.5,-0.8999999999999999,-1.2,-1.0,-1.7999999999999998,0.2,0.4,0.6,-1.2,-1.0999999999999999,1.0,-0.3,0.6,-0.8999999999999999,-0.6999999999999901,1.5,-0.8,-2.0,-0.1,0.3,0.0,-1.6,-1.0999999999999999,0.1,-1.3,-1.2,0.5,-1.9,-1.0999999999999999,-0.2,-0.8999999999999999,-0.3,-0.3,-1.5,-1.5,-1.0999999999999999,-1.7999999999999998,-2.5,-1.3,-1.0999999999999999,-0.5,-1.0,-0.6999999999999901,-1.3,-2.5,-0.8,-0.2,-0.6999999999999901,-0.1,-2.5,-0.4,-1.5,-1.5,0.4,,-1.0,-0.2,-0.8999999999999999,-0.6999999999999901,-0.1,-0.8,0.5,-0.8999999999999999,-1.0999999999999999,-0.2,-1.5,-0.4,-0.6999999999999901,-1.2,-1.2,-0.8999999999999999,-1.39999999999999,-0.4,-0.4,-0.6999999999999901,-1.2,-0.8999999999999999,-1.5,-0.6999999999999901,,-0.6999999999999901,0.0,-2.1999999999999997,-1.39999999999999,-0.6999999999999901,-0.4,-0.8999999999999999,0.6999999999999901,-0.8999999999999999,-0.2,-1.0,0.6,-0.6,0.1,0.0,-1.39999999999999,-0.4,-1.0,-1.6,-1.0,-0.8999999999999999,-0.6,-0.8,-2.1999999999999997,-1.2,0.0,-0.4,-0.5,-1.7000000000000002,0.0,-2.1999999999999997,-0.8,-1.5,-0.8999999999999999,0.6,-1.3,-1.0999999999999999,-1.5,-0.3,-0.2,-1.5,-1.9,0.2,0.8999999999999999,-0.8,-0.4,-0.8,-1.0,-0.6999999999999901,-1.39999999999999,-0.4,-2.3,-0.8999999999999999,-0.8999999999999999,-0.3,-0.5,0.0,-0.1,-0.8999999999999999,-1.2,0.8999999999999999,-1.2,-1.0,-1.39999999999999,-1.7999999999999998
2024Q3,5.1,4.6,5.4,4.7,4.3999999999999995,3.6999999999999997,5.4,4.7,6.1,6.2,5.2,4.3999999999999995,6.1,5.8999999999999995,6.3,4.7,5.4,5.0,5.8999999999999995,4.8,4.0,5.3,5.0,1.9,6.2,5.59999999999999,3.2,5.0,4.3999999999999995,4.9,4.7,5.1,5.3,5.3,4.6,5.5,4.8,4.9,3.9,3.2,2.6,5.79999999999999,4.3999999999999995,4.3999999999999995,4.6,3.4000000000000004,5.4,5.3,2.89999999999999,5.0,5.0,3.9,3.9,3.4000000000000004,5.5,4.3,3.5000000000000004,2.0,4.2,4.3,3.3000000000000003,4.3,4.9,4.0,5.0,4.5,5.3,4.5,4.9,6.5,8.19999999999999,5.8999999999999995,4.7,5.2,4.9,4.5,5.2,6.0,5.59999999999999,4.9,4.6,4.3999999999999995,6.6000000000000005,4.8,5.8999999999999995,5.5,4.09999999999999,,5.59999999999999,4.6,5.8999999999999995,5.1,3.2,5.0,4.3,5.0,5.79999999999999,4.3999999999999995,5.2,4.6,4.9,5.59999999999999,4.8,4.9,2.4,5.2,3.9,4.09999999999999,5.3,4.0,5.8999999999999995,4.8,,4.9,5.2,5.5,6.3,2.89999999999999,4.7,5.5,4.2,5.59999999999999,4.7,4.9,3.8,5.0,4.5,4.3999999999999995,5.4,5.3,4.7,5.0,5.0,5.2,3.0,3.5999999999999996,5.5,4.3,4.7,4.8,4.3999999999999995,5.79999999999999,3.5999999999999996,5.4,5.59999999999999,5.4,5.0,4.5,5.5,4.8,3.4000000000000004,4.3999999999999995,5.4,5.5,3.8,3.6999999999999997,4.9,5.1,3.4000000000000004,5.4,4.3999999999999995,6.1,4.3999999999999995,3.8,6.7,5.4,5.4,3.5999999999999996,4.6,4.9,3.9,5.3,4.6,3.6999999999999997,5.4,5.5,4.8,6.4
2024Q4,0.2,2.0,1.0999999999999999,0.5,1.7000000000000002,3.6999999999999997,2.1,1.7000000000000002,1.2,0.8,2.1999999999999997,1.9,1.3,2.0,1.39999999999999,2.79999999999999,1.7000000000000002,1.2,1.3,1.7999999999999998,1.0,1.2,1.7999999999999998,0.5,0.6999999999999901,1.5,4.3,0.8,0.8,0.6,1.2,,1.0999999999999999,3.3000000000000003,2.6,1.5,2.1999999999999997,0.8,1.9,2.5,2.79999999999999,1.0999999999999999,1.7999999999999998,1.3,2.1,0.5,0.0,1.7000000000000002,1.3,2.1,0.2,3.4000000000000004,2.6,1.0,1.7999999999999998,0.3,1.5,-0.3,1.3,3.2,0.4,0.4,1.9,0.8999999999999999,1.5,2.3,2.7,0.6999999999999901,1.5,2.1,2.7,1.9,2.1999999999999997,0.8,0.2,1.39999999999999,1.6,0.5,2.1,1.9,1.3,1.0999999999999999,1.3,1.39999999999999,1.7999999999999998,1.6,1.39999999999999,1.7000000000000002,2.1999999999999997,0.2,2.89999999999999,1.7000000000000002,1.0999999999999999,0.2,1.3,1.3,2.1999999999999997,1.9,1.39999999999999,2.0,2.5,0.6,2.1999999999999997,1.7999999999999998,3.4000000000000004,0.6999999999999901,1.6,2.1,1.5,1.39999999999999,1.6,1.9,,1.5,2.5,0.6999999999999901,0.8,0.2,1.5,0.8999999999999999,0.6,1.2,2.1,1.2,0.6,1.0,0.8999999999999999,1.2,1.2,0.6999999999999901,0.1,0.8,0.1,1.5,4.09999999999999,0.2,2.1,0.5,2.7,0.5,1.2,1.3,1.9,2.0,0.8,1.9,1.6,2.7,0.0,1.9,-1.0,1.7000000000000002,2.1999999999999997,0.8,0.6,2.5,1.3,0.5,0.1,2.1,0.8999999999999999,0.2,1.39999999999999,2.3,1.7000000000000002,2.6,2.1999999999999997,0.6,2.6,0.6,0.4,-0.3,2.4,-0.4,3.1,1.3,0.8999999999999999,2.6
